"plotID","DBH","species","height","BAL","PC1_cat","plotID_PC1_cat"
"plot_198",34.2,"PCAB",17.2,32.2923426074959,"-0.19_-0.17","21 -0.19_-0.17"
"plot_198",41.9,"PCAB",27.6,23.2988875680659,"-0.19_-0.17","21 -0.19_-0.17"
"plot_198",53,"PCAB",33.7,7.73834447786446,"-0.19_-0.17","21 -0.19_-0.17"
"plot_198",41.5,"PCAB",28.4,27.8714001986024,"-0.19_-0.17","21 -0.19_-0.17"
"plot_347",29.2,"PCAB",29.3,0,"-2.66_-2.06","28 -2.66_-2.06"
"plot_347",28.3,"PCAB",29,6.6055127134379,"-2.66_-2.06","28 -2.66_-2.06"
"plot_347",35.9,"PCAB",31.5,12.4875559086622,"-2.66_-2.06","28 -2.66_-2.06"
"plot_347",16.6,"PCAB",22.8,24.7365017684486,"-2.66_-2.06","28 -2.66_-2.06"
"plot_347",34.7,"PCAB",31.1,17.5306366286658,"-2.66_-2.06","28 -2.66_-2.06"
"plot_332",20.7,"PCAB",21.3,18.384114597123,"-1.86_-1.74","29 -1.86_-1.74"
"plot_332",30.5,"PCAB",24.5,26.7414579140189,"-1.86_-1.74","29 -1.86_-1.74"
"plot_332",30.9,"PCAB",25.2,32.3325444691265,"-1.86_-1.74","29 -1.86_-1.74"
"plot_284",73.8,"PCAB",31.3,0,"-1.11_-0.98","44 -1.11_-0.98"
"plot_284",55.9,"PCAB",30.5,11.4801589068146,"-1.11_-0.98","44 -1.11_-0.98"
"plot_43",41.8,"PCAB",25.2,7.31908330881945,"1.54_1.63","47 1.54_1.63"
"plot_43",40.8,"PCAB",25.8,14.0527700965506,"1.54_1.63","47 1.54_1.63"
"plot_82",24.9,"PCAB",15.4,12.4727249995234,"0.98_1.06","73 0.98_1.06"
"plot_82",28.4,"PCAB",17.3,6.52678966370663,"0.98_1.06","73 0.98_1.06"
"plot_82",40.2,"PCAB",21.6,17.0761792546448,"0.98_1.06","73 0.98_1.06"
"plot_82",16.6,"PCAB",13.2,26.1291550655694,"0.98_1.06","73 0.98_1.06"
"plot_45",26.1,"PCAB",15.3,0,"1.54_1.63","74 1.54_1.63"
"plot_21",47.6,"PCAB",16.5,7.11935215763776,"2.13_2.35","75 2.13_2.35"
"plot_21",56.1,"PCAB",20.9,0,"2.13_2.35","75 2.13_2.35"
"plot_21",31,"PCAB",13,31.85512111033,"2.13_2.35","75 2.13_2.35"
"plot_21",19.4,"PCAB",6.6,38.0371769791942,"2.13_2.35","75 2.13_2.35"
"plot_21",27.6,"PCAB",13.4,4.12792763288956,"2.13_2.35","75 2.13_2.35"
"plot_288",38.1,"PCAB",22.7,26.5732403143649,"-1.11_-0.98","78 -1.11_-0.98"
"plot_276",20,"PCAB",17.2,19.9348583736295,"-0.98_-0.88","80 -0.98_-0.88"
"plot_276",22.6,"PCAB",17.5,12.3286698602069,"-0.98_-0.88","80 -0.98_-0.88"
"plot_276",17.8,"PCAB",15.2,30.9857155027385,"-0.98_-0.88","80 -0.98_-0.88"
"plot_276",19,"PCAB",17.6,23.048756552801,"-0.98_-0.88","80 -0.98_-0.88"
"plot_276",32.4,"PCAB",22.6,36.751755389229,"-0.98_-0.88","80 -0.98_-0.88"
"plot_277",44.9,"PCAB",25.9,11.9154718864435,"-0.98_-0.88","82 -0.98_-0.88"
"plot_277",23.4,"PCAB",19,19.0085100640148,"-0.98_-0.88","82 -0.98_-0.88"
"plot_277",30,"PCAB",24.4,35.8184970680329,"-0.98_-0.88","82 -0.98_-0.88"
"plot_277",19.8,"PCAB",22,28.4126395143694,"-0.98_-0.88","82 -0.98_-0.88"
"plot_277",35.9,"PCAB",24.3,25.1198477397689,"-0.98_-0.88","82 -0.98_-0.88"
"plot_285",45,"PCAB",36.2,21.0722481177575,"-1.11_-0.98","83 -1.11_-0.98"
"plot_285",63.4,"PCAB",36.8,0,"-1.11_-0.98","83 -1.11_-0.98"
"plot_285",28.6,"PCAB",23.7,40.8052849244537,"-1.11_-0.98","83 -1.11_-0.98"
"plot_285",36.7,"PCAB",31,37.2912848931943,"-1.11_-0.98","83 -1.11_-0.98"
"plot_285",52,"PCAB",36.6,5.27211491958197,"-1.11_-0.98","83 -1.11_-0.98"
"plot_285",50.4,"PCAB",37.6,8.81872169807255,"-1.11_-0.98","83 -1.11_-0.98"
"plot_343",47.1,"PCAB",35.1,6.25166665056392,"-2.06_-1.86","86 -2.06_-1.86"
"plot_343",47.6,"PCAB",33.5,3.27986200025591,"-2.06_-1.86","86 -2.06_-1.86"
"plot_343",45,"PCAB",33.5,9.16136633380035,"-2.06_-1.86","86 -2.06_-1.86"
"plot_343",40,"PCAB",32.9,14.1531629099285,"-2.06_-1.86","86 -2.06_-1.86"
"plot_343",38.2,"PCAB",31.6,16.2517468025265,"-2.06_-1.86","86 -2.06_-1.86"
"plot_33",19.1,"PCAB",11.4,24.1395396703556,"1.9_2.01","98 1.9_2.01"
"plot_33",22.7,"PCAB",12.9,16.8463062498279,"1.9_2.01","98 1.9_2.01"
"plot_33",32.9,"PCAB",16.4,25.5721451903007,"1.9_2.01","98 1.9_2.01"
"plot_33",21.7,"PCAB",14,18.8698453479133,"1.9_2.01","98 1.9_2.01"
"plot_33",14.5,"PCAB",10.2,28.2604573890174,"1.9_2.01","98 1.9_2.01"
"plot_56",46.5,"PCAB",28.4,16.3970187592175,"1.44_1.54","99 1.44_1.54"
"plot_56",38.1,"PCAB",27.3,30.6840541998138,"1.44_1.54","99 1.44_1.54"
"plot_56",38.9,"PCAB",27.8,26.7853443925933,"1.44_1.54","99 1.44_1.54"
"plot_56",54.6,"PCAB",29.9,0,"1.44_1.54","99 1.44_1.54"
"plot_56",33.2,"PCAB",23.4,41.0573467625635,"1.44_1.54","99 1.44_1.54"
"plot_223",22.9,"PCAB",21.3,26.7569352843861,"-0.41_-0.35","100 -0.41_-0.35"
"plot_223",53.9,"PCAB",30.1,0,"-0.41_-0.35","100 -0.41_-0.35"
"plot_223",40.1,"PCAB",28.3,22.5806221766229,"-0.41_-0.35","100 -0.41_-0.35"
"plot_223",33,"PCAB",24.5,50.736310042457,"-0.41_-0.35","100 -0.41_-0.35"
"plot_223",18,"PCAB",19.7,53.5500519772044,"-0.41_-0.35","100 -0.41_-0.35"
"plot_229",45,"PCAB",31.5,21.1382616973291,"-0.45_-0.41","102 -0.45_-0.41"
"plot_229",41.5,"PCAB",30.1,28.6567139316972,"-0.45_-0.41","102 -0.45_-0.41"
"plot_229",57.6,"PCAB",33.9,6.02928398803131,"-0.45_-0.41","102 -0.45_-0.41"
"plot_229",39.8,"PCAB",29.6,33.1312358105987,"-0.45_-0.41","102 -0.45_-0.41"
"plot_229",53.6,"PCAB",36,14.4355814866111,"-0.45_-0.41","102 -0.45_-0.41"
"plot_229",67.8,"PCAB",36.4,0,"-0.45_-0.41","102 -0.45_-0.41"
"plot_235",58.8,"PCAB",32.6,5.30542993887696,"-0.51_-0.45","103 -0.51_-0.45"
"plot_235",56.9,"PCAB",36.5,9.84025987239194,"-0.51_-0.45","103 -0.51_-0.45"
"plot_235",48.3,"PCAB",32.8,17.5654882009277,"-0.51_-0.45","103 -0.51_-0.45"
"plot_297",30.2,"PCAB",23.7,50.2259197528315,"-1.24_-1.11","105 -1.24_-1.11"
"plot_297",17.8,"PCAB",17.2,48.9816919823773,"-1.24_-1.11","105 -1.24_-1.11"
"plot_297",54.4,"PCAB",25.8,0,"-1.24_-1.11","105 -1.24_-1.11"
"plot_297",21.9,"PCAB",21.9,26.5313408146041,"-1.24_-1.11","105 -1.24_-1.11"
"plot_297",46.7,"PCAB",26.1,6.87296529249743,"-1.24_-1.11","105 -1.24_-1.11"
"plot_252",23.5,"PCAB",17.6,9.68372373524152,"-0.65_-0.56","108 -0.65_-0.56"
"plot_252",13.2,"PCAB",12.5,32.9747849676888,"-0.65_-0.56","108 -0.65_-0.56"
"plot_252",20.4,"PCAB",17.5,17.3255830697502,"-0.65_-0.56","108 -0.65_-0.56"
"plot_252",30.9,"PCAB",19.6,27.4527033381378,"-0.65_-0.56","108 -0.65_-0.56"
"plot_252",32,"PCAB",22.1,33.6590238476407,"-0.65_-0.56","108 -0.65_-0.56"
"plot_274",19.2,"PCAB",14.4,35.2820841810596,"-0.88_-0.77","109 -0.88_-0.77"
"plot_274",18.2,"PCAB",16.9,39.4849264679861,"-0.88_-0.77","109 -0.88_-0.77"
"plot_331",19.3,"PCAB",19.4,12.9806086123705,"-1.86_-1.74","110 -1.86_-1.74"
"plot_331",17.8,"PCAB",14.3,15.801955164835,"-1.86_-1.74","110 -1.86_-1.74"
"plot_331",14.6,"PCAB",13,19.0163542281718,"-1.86_-1.74","110 -1.86_-1.74"
"plot_331",36.9,"PCAB",27,9.56031035191569,"-1.86_-1.74","110 -1.86_-1.74"
"plot_331",22.6,"PCAB",17.4,5.62050560681299,"-1.86_-1.74","110 -1.86_-1.74"
"plot_128",50.4,"PCAB",34.3,15.9124336687282,"0.38_0.44","123 0.38_0.44"
"plot_118",59.6,"PCAB",34.1,10.1175352692014,"0.44_0.5","125 0.44_0.5"
"plot_118",62.8,"PCAB",31.3,0,"0.44_0.5","125 0.44_0.5"
"plot_233",49.1,"PCAB",32,10.6505050491663,"-0.51_-0.45","127 -0.51_-0.45"
"plot_233",55.1,"PCAB",35.7,0,"-0.51_-0.45","127 -0.51_-0.45"
"plot_272",72.5,"PCAB",37.8,16.2764723933473,"-0.88_-0.77","131 -0.88_-0.77"
"plot_272",49.2,"PCAB",35.3,27.2545451038579,"-0.88_-0.77","131 -0.88_-0.77"
"plot_272",55.8,"PCAB",37.6,23.1706483842649,"-0.88_-0.77","131 -0.88_-0.77"
"plot_272",74.3,"PCAB",40.4,9.03571527256718,"-0.88_-0.77","131 -0.88_-0.77"
"plot_241",63.1,"PCAB",29.9,0,"-0.56_-0.51","133 -0.56_-0.51"
"plot_241",53.5,"PCAB",29.4,5.22233913287941,"-0.56_-0.51","133 -0.56_-0.51"
"plot_241",39.5,"PCAB",29.1,25.2603665453148,"-0.56_-0.51","133 -0.56_-0.51"
"plot_241",45.6,"PCAB",28.6,17.9817881047374,"-0.56_-0.51","133 -0.56_-0.51"
"plot_241",51,"PCAB",29.9,8.97650897449726,"-0.56_-0.51","133 -0.56_-0.51"
"plot_346",14.4,"PCAB",15.6,16.246789447859,"-2.66_-2.06","136 -2.66_-2.06"
"plot_346",34.3,"PCAB",30.3,11.8901950246518,"-2.66_-2.06","136 -2.66_-2.06"
"plot_346",40.7,"PCAB",30.3,7.98571505420444,"-2.66_-2.06","136 -2.66_-2.06"
"plot_346",50.5,"PCAB",35.1,0,"-2.66_-2.06","136 -2.66_-2.06"
"plot_345",13.9,"PCAB",11.8,30.0515108552953,"-2.66_-2.06","137 -2.66_-2.06"
"plot_126",49.3,"PCAB",29.1,28.9911057606037,"0.38_0.44","149 0.38_0.44"
"plot_126",62.2,"PCAB",35.4,20.4059083834097,"0.38_0.44","149 0.38_0.44"
"plot_126",67.8,"PCAB",38.5,14.3766243953784,"0.38_0.44","149 0.38_0.44"
"plot_126",70.5,"PCAB",37.4,7.85757027526268,"0.38_0.44","149 0.38_0.44"
"plot_126",77.4,"PCAB",40.1,0,"0.38_0.44","149 0.38_0.44"
"plot_126",32,"PCAB",23.6,39.6647630909898,"0.38_0.44","149 0.38_0.44"
"plot_94",38,"PCAB",24,29.1427573494963,"0.82_0.9","153 0.82_0.9"
"plot_94",23.3,"PCAB",18.6,20.9821001951026,"0.82_0.9","153 0.82_0.9"
"plot_94",13.8,"PCAB",9.9,49.3508904587706,"0.82_0.9","153 0.82_0.9"
"plot_94",45.8,"PCAB",28.4,5.8904566159701,"0.82_0.9","153 0.82_0.9"
"plot_94",40.3,"PCAB",24.2,23.1140242397368,"0.82_0.9","153 0.82_0.9"
"plot_86",77.1,"PCAB",37.3,0,"0.9_0.98","154 0.9_0.98"
"plot_103",38.2,"PCAB",15.2,26.8211983685311,"0.68_0.82","155 0.68_0.82"
"plot_103",12.1,"PCAB",6.9,30.3854772340166,"0.68_0.82","155 0.68_0.82"
"plot_110",56.4,"PCAB",30.9,8.78043565818197,"0.5_0.68","156 0.5_0.68"
"plot_239",49,"PCAB",21.6,23.1110879501631,"-0.51_-0.45","157 -0.51_-0.45"
"plot_239",46.5,"PCAB",21.3,26.260275403993,"-0.51_-0.45","157 -0.51_-0.45"
"plot_239",43.2,"PCAB",25.2,29.0963147925992,"-0.51_-0.45","157 -0.51_-0.45"
"plot_239",74.1,"PCAB",29.3,7.45674075177646,"-0.51_-0.45","157 -0.51_-0.45"
"plot_239",75.4,"PCAB",21.2,0,"-0.51_-0.45","157 -0.51_-0.45"
"plot_239",59.4,"PCAB",26,14.6585691413489,"-0.51_-0.45","157 -0.51_-0.45"
"plot_239",54,"PCAB",25.9,19.2864188059033,"-0.51_-0.45","157 -0.51_-0.45"
"plot_280",46.7,"PCAB",32.2,7.56856904095328,"-0.98_-0.88","159 -0.98_-0.88"
"plot_280",50.1,"PCAB",31.9,4.27640244329087,"-0.98_-0.88","159 -0.98_-0.88"
"plot_280",44.3,"PCAB",34,10.4290569319083,"-0.98_-0.88","159 -0.98_-0.88"
"plot_168",36.4,"PCAB",24.6,31.9675895775498,"0.03_0.12","174 0.03_0.12"
"plot_168",55.1,"PCAB",29.6,0,"0.03_0.12","174 0.03_0.12"
"plot_168",24.3,"PCAB",23.5,19.2181754809459,"0.03_0.12","174 0.03_0.12"
"plot_168",31,"PCAB",26.9,41.9849469183108,"0.03_0.12","174 0.03_0.12"
"plot_164",23,"PCAB",14,6.620927251952,"0.12_0.19","175 0.12_0.19"
"plot_164",12.3,"PCAB",6.7,23.1189903515939,"0.12_0.19","175 0.12_0.19"
"plot_164",10.1,"PCAB",7.9,25.6373891974819,"0.12_0.19","175 0.12_0.19"
"plot_164",10.9,"PCAB",6.5,24.9752592758297,"0.12_0.19","175 0.12_0.19"
"plot_142",37.5,"PCAB",20,13.2666126102088,"0.27_0.34","182 0.27_0.34"
"plot_142",21.7,"PCAB",14.1,11.4174319043977,"0.27_0.34","182 0.27_0.34"
"plot_142",22.3,"PCAB",20.8,9.46457864101808,"0.27_0.34","182 0.27_0.34"
"plot_120",15.1,"PCAB",12.9,51.1021091977894,"0.44_0.5","183 0.44_0.5"
"plot_125",56.6,"PCAB",31.3,0,"0.38_0.44","184 0.38_0.44"
"plot_125",10.4,"PCAB",9.3,5.10508429217223,"0.38_0.44","184 0.38_0.44"
"plot_125",11.5,"PCAB",8.4,4.84541202439895,"0.38_0.44","184 0.38_0.44"
"plot_125",11.6,"PCAB",9,4.58120408223205,"0.38_0.44","184 0.38_0.44"
"plot_125",13.9,"PCAB",9.1,4.20183713435699,"0.38_0.44","184 0.38_0.44"
"plot_204",49.6,"PCAB",34.7,3.88154076774923,"-0.28_-0.19","186 -0.28_-0.19"
"plot_204",43.4,"PCAB",30.2,9.82369417578974,"-0.28_-0.19","186 -0.28_-0.19"
"plot_204",33.7,"PCAB",28.4,28.1082684307014,"-0.28_-0.19","186 -0.28_-0.19"
"plot_204",15.2,"PCAB",13.9,32.3261859641354,"-0.28_-0.19","186 -0.28_-0.19"
"plot_204",38.2,"PCAB",28.1,23.0713984822944,"-0.28_-0.19","186 -0.28_-0.19"
"plot_302",21.6,"PCAB",22,13.76556974096,"-1.34_-1.24","189 -1.34_-1.24"
"plot_302",46.1,"PCAB",36.9,6.86604840868211,"-1.34_-1.24","189 -1.34_-1.24"
"plot_302",34.9,"PCAB",23.7,22.4023410739516,"-1.34_-1.24","189 -1.34_-1.24"
"plot_302",20.8,"PCAB",19.3,17.3710499657788,"-1.34_-1.24","189 -1.34_-1.24"
"plot_302",16.6,"PCAB",14.4,29.5564694841674,"-1.34_-1.24","189 -1.34_-1.24"
"plot_258",27.2,"PCAB",20.5,3.4922534556723,"-0.7_-0.65","192 -0.7_-0.65"
"plot_258",24.8,"PCAB",20,9.03186305165535,"-0.7_-0.65","192 -0.7_-0.65"
"plot_258",13.4,"PCAB",13.6,31.1397905162041,"-0.7_-0.65","192 -0.7_-0.65"
"plot_258",37.5,"PCAB",21.3,13.3651010686599,"-0.7_-0.65","192 -0.7_-0.65"
"plot_217",48.9,"PCAB",31.5,0,"-0.35_-0.31","211 -0.35_-0.31"
"plot_217",40.5,"PCAB",28,5.7103779332524,"-0.35_-0.31","211 -0.35_-0.31"
"plot_217",38.5,"PCAB",30.8,7.86175432689855,"-0.35_-0.31","211 -0.35_-0.31"
"plot_217",44.3,"PCAB",30.2,3.13634674363701,"-0.35_-0.31","211 -0.35_-0.31"
"plot_190",20.4,"PCAB",13.5,7.26391042301765,"-0.17_-0.13","212 -0.17_-0.13"
"plot_190",14.5,"PCAB",9.1,15.2912842131758,"-0.17_-0.13","212 -0.17_-0.13"
"plot_104",18.2,"PCAB",19.8,22.984281411152,"0.68_0.82","213 0.68_0.82"
"plot_104",23.6,"PCAB",17.6,14.7599122865046,"0.68_0.82","213 0.68_0.82"
"plot_104",43,"PCAB",25.1,0,"0.68_0.82","213 0.68_0.82"
"plot_104",41,"PCAB",21.7,7.80213907200494,"0.68_0.82","213 0.68_0.82"
"plot_104",37,"PCAB",27.6,17.9094468863226,"0.68_0.82","213 0.68_0.82"
"plot_178",18,"PCAB",12.5,21.2741026714138,"0_0.03","217 0_0.03"
"plot_178",36.2,"PCAB",22.9,16.6019204221283,"0_0.03","217 0_0.03"
"plot_178",30.7,"PCAB",23,22.5464476961177,"0_0.03","217 0_0.03"
"plot_178",39.9,"PCAB",22.8,8.7151828152715,"0_0.03","217 0_0.03"
"plot_188",43.1,"PCAB",26.2,28.5691059474328,"-0.13_-0.07","221 -0.13_-0.07"
"plot_188",59.2,"PCAB",30.3,0,"-0.13_-0.07","221 -0.13_-0.07"
"plot_188",31.4,"PCAB",24.4,31.0055749628884,"-0.13_-0.07","221 -0.13_-0.07"
"plot_188",29.3,"PCAB",24.1,8.03741043255816,"-0.13_-0.07","221 -0.13_-0.07"
"plot_188",48.6,"PCAB",28.7,17.6302070516268,"-0.13_-0.07","221 -0.13_-0.07"
"plot_188",61.5,"PCAB",30.3,26.088678157502,"-0.13_-0.07","221 -0.13_-0.07"
"plot_342",65.7,"PCAB",40.4,0,"-2.06_-1.86","223 -2.06_-1.86"
"plot_150",16,"PCAB",8.5,8.73551975823488,"0.24_0.27","238 0.24_0.27"
"plot_150",12.1,"PCAB",6,13.447084070548,"0.24_0.27","238 0.24_0.27"
"plot_150",14.5,"PCAB",9.1,10.6481213657403,"0.24_0.27","238 0.24_0.27"
"plot_130",12.2,"PCAB",7.9,36.320386561367,"0.38_0.44","241 0.38_0.44"
"plot_130",44.6,"PCAB",22.1,5.60130160070031,"0.38_0.44","241 0.38_0.44"
"plot_130",38,"PCAB",23,8.21031356057544,"0.38_0.44","241 0.38_0.44"
"plot_130",10.4,"PCAB",5.4,44.2006004939989,"0.38_0.44","241 0.38_0.44"
"plot_130",31.6,"PCAB",21.2,33.8463253267583,"0.38_0.44","241 0.38_0.44"
"plot_116",49.9,"PCAB",25.1,3.32541509373297,"0.44_0.5","242 0.44_0.5"
"plot_116",58.5,"PCAB",27.1,29.5299182353157,"0.44_0.5","242 0.44_0.5"
"plot_116",19,"PCAB",13.8,23.8377555311582,"0.44_0.5","242 0.44_0.5"
"plot_144",13.9,"PCAB",9.3,34.7515385325261,"0.27_0.34","244 0.27_0.34"
"plot_144",36.9,"PCAB",24.1,19.9849849191519,"0.27_0.34","244 0.27_0.34"
"plot_144",16.4,"PCAB",8.7,33.6953350823892,"0.27_0.34","244 0.27_0.34"
"plot_133",54.5,"PCAB",32.3,13.7612802496207,"0.34_0.38","245 0.34_0.38"
"plot_133",59.6,"PCAB",37.4,4.67471366610596,"0.34_0.38","245 0.34_0.38"
"plot_133",59.7,"PCAB",35.5,0,"0.34_0.38","245 0.34_0.38"
"plot_169",54.7,"PCAB",27.8,0,"0.03_0.12","246 0.03_0.12"
"plot_169",10.5,"PCAB",7.6,23.3049157345894,"0.03_0.12","246 0.03_0.12"
"plot_169",11,"PCAB",6.1,22.8467144460634,"0.03_0.12","246 0.03_0.12"
"plot_169",11.5,"PCAB",7.4,22.5870421782901,"0.03_0.12","246 0.03_0.12"
"plot_169",14.5,"PCAB",9.6,21.0896216749106,"0.03_0.12","246 0.03_0.12"
"plot_336",32.5,"PCAB",26,20.3904607010931,"-2.06_-1.86","255 -2.06_-1.86"
"plot_336",15.2,"PCAB",15.8,23.9270988133948,"-2.06_-1.86","255 -2.06_-1.86"
"plot_336",26.4,"PCAB",28.6,0,"-2.06_-1.86","255 -2.06_-1.86"
"plot_336",25.1,"PCAB",25.4,5.26471293459102,"-2.06_-1.86","255 -2.06_-1.86"
"plot_323",46.2,"PCAB",32.2,3.42490202886923,"-1.74_-1.47","256 -1.74_-1.47"
"plot_323",25.5,"PCAB",21.1,6.22446540619226,"-1.74_-1.47","256 -1.74_-1.47"
"plot_321",35.5,"PCAB",24.7,7.57853519386808,"-1.74_-1.47","258 -1.74_-1.47"
"plot_41",14.6,"PCAB",9.3,12.0425227235534,"1.63_1.8","268 1.63_1.8"
"plot_41",11.3,"PCAB",8.5,12.7252693469948,"1.63_1.8","268 1.63_1.8"
"plot_41",11.6,"PCAB",6.9,12.4610614048279,"1.63_1.8","268 1.63_1.8"
"plot_131",38.7,"PCAB",25.2,19.9698226505278,"0.34_0.38","272 0.34_0.38"
"plot_131",39.6,"PCAB",26.7,17.9130005773925,"0.34_0.38","272 0.34_0.38"
"plot_131",41.4,"PCAB",25.2,15.6649450470443,"0.34_0.38","272 0.34_0.38"
"plot_131",44,"PCAB",24.1,13.1256585370007,"0.34_0.38","272 0.34_0.38"
"plot_160",26.1,"PCAB",12.4,3.41746375848315,"0.12_0.19","274 0.12_0.19"
"plot_160",17,"PCAB",8.6,11.5795391848803,"0.12_0.19","274 0.12_0.19"
"plot_160",33.9,"PCAB",18.6,13.7804015533067,"0.12_0.19","274 0.12_0.19"
"plot_246",15.5,"PCAB",10.8,26.9057707496241,"-0.65_-0.56","275 -0.65_-0.56"
"plot_206",38,"PCAB",25.9,24.0706615080627,"-0.28_-0.19","277 -0.28_-0.19"
"plot_206",50.1,"PCAB",35.2,7.88437968449062,"-0.28_-0.19","277 -0.28_-0.19"
"plot_206",42.6,"PCAB",29.1,11.176546282153,"-0.28_-0.19","277 -0.28_-0.19"
"plot_157",51,"PCAB",28.7,3.51937765248413,"0.19_0.24","278 0.19_0.24"
"plot_157",11.4,"PCAB",7,46.7881539623333,"0.19_0.24","278 0.19_0.24"
"plot_322",11,"PCAB",13.1,29.8635511732468,"-1.74_-1.47","286 -1.74_-1.47"
"plot_291",11.7,"PCAB",10.8,37.7009178661542,"-1.11_-0.98","287 -1.11_-0.98"
"plot_291",29.3,"PCAB",25.6,3.51076906029476,"-1.11_-0.98","287 -1.11_-0.98"
"plot_291",15.9,"PCAB",15,33.1041002255135,"-1.11_-0.98","287 -1.11_-0.98"
"plot_291",29.9,"PCAB",25.5,0,"-1.11_-0.98","287 -1.11_-0.98"
"plot_291",31.8,"PCAB",25.1,35.7610940441462,"-1.11_-0.98","287 -1.11_-0.98"
"plot_307",42.1,"PCAB",31.4,2.62072468122569,"-1.47_-1.34","288 -1.47_-1.34"
"plot_307",44.7,"PCAB",28.7,0,"-1.47_-1.34","288 -1.47_-1.34"
"plot_307",38.6,"PCAB",27.9,11.3284181752305,"-1.47_-1.34","288 -1.47_-1.34"
"plot_307",32.9,"PCAB",28.2,18.8493391516457,"-1.47_-1.34","288 -1.47_-1.34"
"plot_307",32.8,"PCAB",29.2,20.2690442711375,"-1.47_-1.34","288 -1.47_-1.34"
"plot_351",73.1,"PCAB",40.9,0,"-2.66_-2.06","289 -2.66_-2.06"
"plot_351",45,"PCAB",31.9,32.0348700043589,"-2.66_-2.06","289 -2.66_-2.06"
"plot_351",24.7,"PCAB",19.3,37.2765554574982,"-2.66_-2.06","289 -2.66_-2.06"
"plot_351",59.5,"PCAB",35.6,24.5675707523728,"-2.66_-2.06","289 -2.66_-2.06"
"plot_351",46.4,"PCAB",32.5,29.211015518479,"-2.66_-2.06","289 -2.66_-2.06"
"plot_351",61.3,"PCAB",38.9,19.6389284352624,"-2.66_-2.06","289 -2.66_-2.06"
"plot_351",65.8,"PCAB",40.8,13.960107957295,"-2.66_-2.06","289 -2.66_-2.06"
"plot_351",72.8,"PCAB",38.8,7.00875867145344,"-2.66_-2.06","289 -2.66_-2.06"
"plot_149",12.7,"PCAB",9.4,19.9660455529503,"0.24_0.27","310 0.24_0.27"
"plot_149",13.4,"PCAB",9,18.5682184454282,"0.24_0.27","310 0.24_0.27"
"plot_149",11.4,"PCAB",8.9,22.325996249129,"0.24_0.27","310 0.24_0.27"
"plot_149",11.3,"PCAB",9.4,22.8363479757047,"0.24_0.27","310 0.24_0.27"
"plot_149",11.4,"PCAB",10,22.325996249129,"0.24_0.27","310 0.24_0.27"
"plot_156",23,"PCAB",15.6,12.6989499869509,"0.19_0.24","312 0.19_0.24"
"plot_156",40.7,"PCAB",21.6,10.5262729667949,"0.19_0.24","312 0.19_0.24"
"plot_156",10.1,"PCAB",6.9,32.9436541014163,"0.19_0.24","312 0.19_0.24"
"plot_156",33.9,"PCAB",20.7,28.9592700387495,"0.19_0.24","312 0.19_0.24"
"plot_156",14.2,"PCAB",9.5,31.8456478340326,"0.19_0.24","312 0.19_0.24"
"plot_159",39.7,"PCAB",22.6,18.8553527883032,"0.12_0.19","313 0.12_0.19"
"plot_159",44.5,"PCAB",27,11.6700938652441,"0.12_0.19","313 0.12_0.19"
"plot_159",45,"PCAB",27.7,9.01407362617477,"0.12_0.19","313 0.12_0.19"
"plot_159",66.5,"PCAB",34.1,0,"0.12_0.19","313 0.12_0.19"
"plot_159",12,"PCAB",11.2,27.1854727518691,"0.12_0.19","313 0.12_0.19"
"plot_159",24.8,"PCAB",15.1,14.2674193360673,"0.12_0.19","313 0.12_0.19"
"plot_143",43.9,"PCAB",25.1,32.3712750836475,"0.27_0.34","314 0.27_0.34"
"plot_143",55.4,"PCAB",27.6,4.39707101711525,"0.27_0.34","314 0.27_0.34"
"plot_143",13.8,"PCAB",11.3,28.6556922857663,"0.27_0.34","314 0.27_0.34"
"plot_143",28.4,"PCAB",20,11.7016644366784,"0.27_0.34","314 0.27_0.34"
"plot_211",34.9,"PCAB",23.1,14.7324285344135,"-0.31_-0.28","315 -0.31_-0.28"
"plot_211",14.6,"PCAB",13,24.1439971190922,"-0.31_-0.28","315 -0.31_-0.28"
"plot_211",40.2,"PCAB",25.8,7.15980456128245,"-0.31_-0.28","315 -0.31_-0.28"
"plot_249",46.4,"PCAB",26.9,0,"-0.65_-0.56","318 -0.65_-0.56"
"plot_242",18.1,"PCAB",18.5,2.58729789977204,"-0.56_-0.51","319 -0.56_-0.51"
"plot_242",18.2,"PCAB",18,0,"-0.56_-0.51","319 -0.56_-0.51"
"plot_242",34.9,"PCAB",20.8,7.78710498036119,"-0.56_-0.51","319 -0.56_-0.51"
"plot_318",30.1,"PCAB",24.1,26.1014473964619,"-1.74_-1.47","323 -1.74_-1.47"
"plot_109",43.1,"PCAB",29.8,14.8921745153179,"0.5_0.68","347 0.5_0.68"
"plot_109",39.4,"PCAB",25.7,26.6192187009474,"0.5_0.68","347 0.5_0.68"
"plot_199",42.5,"PCAB",33.8,27.5933483571685,"-0.19_-0.17","349 -0.19_-0.17"
"plot_199",34.6,"PCAB",31,35.677439872046,"-0.19_-0.17","349 -0.19_-0.17"
"plot_199",57.6,"PCAB",36.8,15.8439542530829,"-0.19_-0.17","349 -0.19_-0.17"
"plot_199",58.5,"PCAB",36,11.3552800490557,"-0.19_-0.17","349 -0.19_-0.17"
"plot_105",21,"PCAB",19.8,16.0993125643641,"0.68_0.82","354 0.68_0.82"
"plot_105",41.6,"PCAB",30.2,10.0810723740676,"0.68_0.82","354 0.68_0.82"
"plot_105",41.6,"PCAB",26.3,10.0810723740676,"0.68_0.82","354 0.68_0.82"
"plot_105",45.2,"PCAB",31.5,2.75129594779327,"0.68_0.82","354 0.68_0.82"
"plot_105",16.2,"PCAB",14.2,25.3615802175832,"0.68_0.82","354 0.68_0.82"
"plot_205",49.6,"PCAB",28.1,4.12792763288956,"-0.28_-0.19","357 -0.28_-0.19"
"plot_205",36.2,"PCAB",29.3,11.557019541881,"-0.28_-0.19","357 -0.28_-0.19"
"plot_205",31.1,"PCAB",26.8,16.3538183259389,"-0.28_-0.19","357 -0.28_-0.19"
"plot_320",46.4,"PCAB",31.6,8.70590969769608,"-1.74_-1.47","361 -1.74_-1.47"
"plot_320",12.9,"PCAB",10.9,20.1252821638759,"-1.74_-1.47","361 -1.74_-1.47"
"plot_320",35,"PCAB",30.2,18.5300795891534,"-1.74_-1.47","361 -1.74_-1.47"
"plot_337",44.6,"PCAB",31.2,3.64273503692091,"-2.06_-1.86","365 -2.06_-1.86"
"plot_337",44,"PCAB",30.8,6.25174699679603,"-2.06_-1.86","365 -2.06_-1.86"
"plot_337",35.9,"PCAB",28.9,20.4080338279195,"-2.06_-1.86","365 -2.06_-1.86"
"plot_337",52.7,"PCAB",33.2,0,"-2.06_-1.86","365 -2.06_-1.86"
"plot_337",35.9,"PCAB",30.5,20.4080338279195,"-2.06_-1.86","365 -2.06_-1.86"
"plot_299",44.9,"PCAB",32.9,8.23159345257379,"-1.24_-1.11","367 -1.24_-1.11"
"plot_299",33.8,"PCAB",32.8,27.091585666368,"-1.24_-1.11","367 -1.24_-1.11"
"plot_299",45.3,"PCAB",32.1,2.8840213259036,"-1.24_-1.11","367 -1.24_-1.11"
"plot_299",45,"PCAB",31.6,5.57557321350447,"-1.24_-1.11","367 -1.24_-1.11"
"plot_317",20.9,"PCAB",18.8,26.3970201357443,"-1.74_-1.47","372 -1.74_-1.47"
"plot_317",14.6,"PCAB",14.9,31.0075753327407,"-1.74_-1.47","372 -1.74_-1.47"
"plot_317",34.4,"PCAB",21.8,28.1123689945125,"-1.74_-1.47","372 -1.74_-1.47"
"plot_317",32.8,"PCAB",29,31.8446526952897,"-1.74_-1.47","372 -1.74_-1.47"
"plot_111",42.9,"PCAB",27,0,"0.5_0.68","387 0.5_0.68"
"plot_148",14.6,"PCAB",9.8,5.98626553150718,"0.24_0.27","388 0.24_0.27"
"plot_148",17.2,"PCAB",10.5,4.82450456820967,"0.24_0.27","388 0.24_0.27"
"plot_148",17.5,"PCAB",12.1,2.43292789075628,"0.24_0.27","388 0.24_0.27"
"plot_148",17.4,"PCAB",12.2,3.63556882845862,"0.24_0.27","388 0.24_0.27"
"plot_148",10.8,"PCAB",8,11.2529296307555,"0.24_0.27","388 0.24_0.27"
"plot_171",15,"PCAB",10.3,9.02582930880487,"0.03_0.12","390 0.03_0.12"
"plot_127",69.1,"PCAB",36.9,0,"0.38_0.44","391 0.38_0.44"
"plot_145",17.8,"PCAB",13.4,20.0016887280211,"0.27_0.34","393 0.27_0.34"
"plot_350",44.4,"PCAB",31.6,14.4922276222877,"-2.66_-2.06","401 -2.66_-2.06"
"plot_350",49.1,"PCAB",35.2,0,"-2.66_-2.06","401 -2.66_-2.06"
"plot_350",39.8,"PCAB",28.4,33.7180638769194,"-2.66_-2.06","401 -2.66_-2.06"
"plot_350",24.3,"PCAB",23.3,29.137268358812,"-2.66_-2.06","401 -2.66_-2.06"
"plot_350",24.5,"PCAB",23.4,24.4443157838565,"-2.66_-2.06","401 -2.66_-2.06"
"plot_293",45.3,"PCAB",33.4,11.6763024377257,"-1.24_-1.11","404 -1.24_-1.11"
"plot_293",42.4,"PCAB",29.1,14.3678543253266,"-1.24_-1.11","404 -1.24_-1.11"
"plot_293",34.5,"PCAB",29.1,25.2896475240232,"-1.24_-1.11","404 -1.24_-1.11"
"plot_294",16.7,"PCAB",13.4,24.0060741330161,"-1.24_-1.11","411 -1.24_-1.11"
"plot_294",21.5,"PCAB",14.3,22.1908226278638,"-1.24_-1.11","411 -1.24_-1.11"
"plot_294",15.7,"PCAB",11.7,25.1012726019657,"-1.24_-1.11","411 -1.24_-1.11"
"plot_9",38.9,"PCAB",25.2,19.11361660155,"2.35_2.7","422 2.35_2.7"
"plot_9",34,"PCAB",19.4,23.5345134573501,"2.35_2.7","422 2.35_2.7"
"plot_17",53,"PCAB",34.5,0,"2.13_2.35","423 2.13_2.35"
"plot_17",45.3,"PCAB",33.7,6.65411315178893,"2.13_2.35","423 2.13_2.35"
"plot_10",52.4,"PCAB",26.1,7.76520635168971,"2.35_2.7","424 2.35_2.7"
"plot_10",49.9,"PCAB",26.3,11.3665861697771,"2.35_2.7","424 2.35_2.7"
"plot_132",30.6,"PCAB",18.7,10.1261389919222,"0.34_0.38","429 0.34_0.38"
"plot_132",48.2,"PCAB",22.7,15.7785003089727,"0.34_0.38","429 0.34_0.38"
"plot_132",12.7,"PCAB",8.8,14.9424635989902,"0.34_0.38","429 0.34_0.38"
"plot_132",11.5,"PCAB",6.8,15.5188280411994,"0.34_0.38","429 0.34_0.38"
"plot_132",31.5,"PCAB",16.1,13.2314236308959,"0.34_0.38","429 0.34_0.38"
"plot_166",16.2,"PCAB",12.1,19.1442403754983,"0.03_0.12","434 0.03_0.12"
"plot_166",48,"PCAB",30.5,14.2974428301993,"0.03_0.12","434 0.03_0.12"
"plot_166",57.8,"PCAB",28.5,0,"0.03_0.12","434 0.03_0.12"
"plot_166",50.2,"PCAB",27.4,7.86922055745925,"0.03_0.12","434 0.03_0.12"
"plot_154",46.7,"PCAB",29.5,39.4180478508774,"0.19_0.24","435 0.19_0.24"
"plot_306",27.5,"PCAB",22,0,"-1.34_-1.24","439 -1.34_-1.24"
"plot_306",15,"PCAB",14.5,1.4848934026733,"-1.34_-1.24","439 -1.34_-1.24"
"plot_315",40.2,"PCAB",31.7,10.5226372016169,"-1.47_-1.34","442 -1.47_-1.34"
"plot_315",44.5,"PCAB",34.5,5.49053815435343,"-1.47_-1.34","442 -1.47_-1.34"
"plot_315",37.1,"PCAB",30.8,12.6422593977382,"-1.47_-1.34","442 -1.47_-1.34"
"plot_348",35.8,"PCAB",25.9,19.3718987931139,"-2.66_-2.06","443 -2.66_-2.06"
"plot_348",31,"PCAB",23.9,27.2286442432254,"-2.66_-2.06","443 -2.66_-2.06"
"plot_348",19.1,"PCAB",18.5,28.8287516294783,"-2.66_-2.06","443 -2.66_-2.06"
"plot_319",38.8,"PCAB",28.6,16.9198594946884,"-1.74_-1.47","444 -1.74_-1.47"
"plot_340",17,"PCAB",11.9,20.7725178732972,"-2.06_-1.86","458 -2.06_-1.86"
"plot_340",15.2,"PCAB",12.6,21.9074182194065,"-2.06_-1.86","458 -2.06_-1.86"
"plot_340",32.6,"PCAB",29.1,19.3785859872363,"-2.06_-1.86","458 -2.06_-1.86"
"plot_340",11,"PCAB",7.4,24.954039388251,"-2.06_-1.86","458 -2.06_-1.86"
"plot_15",67.4,"PCAB",30.2,0,"2.13_2.35","464 2.13_2.35"
"plot_8",11.1,"PCAB",7.7,50.6654899832051,"2.35_2.7","466 2.35_2.7"
"plot_8",13.8,"PCAB",12.1,43.2152930118464,"2.35_2.7","466 2.35_2.7"
"plot_8",27.4,"PCAB",18.3,6.78866756514218,"2.35_2.7","466 2.35_2.7"
"plot_8",31,"PCAB",16.5,35.1660064165799,"2.35_2.7","466 2.35_2.7"
"plot_8",31.8,"PCAB",17,46.1127053764359,"2.35_2.7","466 2.35_2.7"
"plot_85",34.8,"PCAB",23.6,26.2712082249673,"0.9_0.98","470 0.9_0.98"
"plot_85",71.2,"PCAB",33.3,0,"0.9_0.98","470 0.9_0.98"
"plot_85",57.9,"PCAB",35.4,10.4316056274883,"0.9_0.98","470 0.9_0.98"
"plot_91",51.5,"PCAB",33.5,8.84041580906229,"0.9_0.98","472 0.9_0.98"
"plot_91",62.1,"PCAB",38.3,0,"0.9_0.98","472 0.9_0.98"
"plot_91",53.7,"PCAB",34.1,5.05812494328361,"0.9_0.98","472 0.9_0.98"
"plot_91",24.6,"PCAB",17.2,17.2750933561171,"0.9_0.98","472 0.9_0.98"
"plot_91",43.5,"PCAB",29.7,12.3191465147767,"0.9_0.98","472 0.9_0.98"
"plot_139",42.1,"PCAB",21.3,7.37049837856865,"0.27_0.34","473 0.27_0.34"
"plot_139",30.3,"PCAB",19.2,14.7899848680218,"0.27_0.34","473 0.27_0.34"
"plot_139",28.6,"PCAB",14,3.99777089947262,"0.27_0.34","473 0.27_0.34"
"plot_141",52.3,"PCAB",31.8,13.5113782564602,"0.27_0.34","476 0.27_0.34"
"plot_282",39.2,"PCAB",24.4,5.2106848451522,"-0.98_-0.88","480 -0.98_-0.88"
"plot_282",17.4,"PCAB",16.5,15.2115683416262,"-0.98_-0.88","480 -0.98_-0.88"
"plot_282",26.7,"PCAB",21.1,15.2115683416262,"-0.98_-0.88","480 -0.98_-0.88"
"plot_312",45,"PCAB",26,10.0598265683495,"-1.47_-1.34","489 -1.47_-1.34"
"plot_312",14.7,"PCAB",13.9,27.0597595263713,"-1.47_-1.34","489 -1.47_-1.34"
"plot_303",34.3,"PCAB",29.1,28.0615449368813,"-1.34_-1.24","491 -1.34_-1.24"
"plot_325",67.6,"PCAB",36.3,0,"-1.74_-1.47","494 -1.74_-1.47"
"plot_325",49.5,"PCAB",29,5.9937654556491,"-1.74_-1.47","494 -1.74_-1.47"
"plot_325",55.3,"PCAB",33.7,37.9505055429697,"-1.74_-1.47","494 -1.74_-1.47"
"plot_325",42.3,"PCAB",33.5,17.3937000241431,"-1.74_-1.47","494 -1.74_-1.47"
"plot_295",20.5,"PCAB",18.8,53.5973257995176,"-1.24_-1.11","495 -1.24_-1.11"
"plot_295",15.9,"PCAB",10.5,59.3782863661571,"-1.24_-1.11","495 -1.24_-1.11"
"plot_295",25,"PCAB",18.2,32.1691950814484,"-1.24_-1.11","495 -1.24_-1.11"
"plot_295",24.9,"PCAB",15.2,34.6235643420654,"-1.24_-1.11","495 -1.24_-1.11"
"plot_295",24.7,"PCAB",23.4,37.0583379185057,"-1.24_-1.11","495 -1.24_-1.11"
"plot_20",23.2,"PCAB",14.3,5.07621839639325,"2.13_2.35","506 2.13_2.35"
"plot_20",24.6,"PCAB",15.4,2.69976063358525,"2.13_2.35","506 2.13_2.35"
"plot_20",16.2,"PCAB",6.7,10.8407346104468,"2.13_2.35","506 2.13_2.35"
"plot_50",44.1,"PCAB",25.4,15.4091889315933,"1.54_1.63","508 1.54_1.63"
"plot_108",38.6,"PCAB",33.2,13.1986499080151,"0.5_0.68","510 0.5_0.68"
"plot_108",52.5,"PCAB",35.4,6.40856367817042,"0.5_0.68","510 0.5_0.68"
"plot_75",50.8,"PCAB",34.3,11.4918453958665,"1.06_1.2","513 1.06_1.2"
"plot_75",74.4,"PCAB",33.2,0,"1.06_1.2","513 1.06_1.2"
"plot_75",27,"PCAB",22,21.1751311930922,"1.06_1.2","513 1.06_1.2"
"plot_75",56.8,"PCAB",30.1,7.26026083483198,"1.06_1.2","513 1.06_1.2"
"plot_75",49.2,"PCAB",34.5,14.8766513562378,"1.06_1.2","513 1.06_1.2"
"plot_75",48.8,"PCAB",29.4,18.0515989273493,"1.06_1.2","513 1.06_1.2"
"plot_74",44.6,"PCAB",28.9,17.5822768720684,"1.06_1.2","515 1.06_1.2"
"plot_74",18.1,"PCAB",12.6,31.9402801053112,"1.06_1.2","515 1.06_1.2"
"plot_74",61,"PCAB",28,0,"1.06_1.2","515 1.06_1.2"
"plot_99",26.6,"PCAB",14,6.4818648887603,"0.68_0.82","517 0.68_0.82"
"plot_99",50.1,"PCAB",29.8,0,"0.68_0.82","517 0.68_0.82"
"plot_99",31.7,"PCAB",21,17.4274135937361,"0.68_0.82","517 0.68_0.82"
"plot_99",19.6,"PCAB",11.4,13.2311447360081,"0.68_0.82","517 0.68_0.82"
"plot_99",45.7,"PCAB",31,14.7397375282619,"0.68_0.82","517 0.68_0.82"
"plot_328",37.4,"PCAB",30,12.2878791855733,"-1.86_-1.74","526 -1.86_-1.74"
"plot_328",12.6,"PCAB",12.5,22.5475855417069,"-1.86_-1.74","526 -1.86_-1.74"
"plot_326",35.9,"PCAB",31.8,28.5783858587024,"-1.74_-1.47","527 -1.74_-1.47"
"plot_326",36.8,"PCAB",30.9,26.8021444520074,"-1.74_-1.47","527 -1.74_-1.47"
"plot_326",42.6,"PCAB",33.8,16.7498687016008,"-1.74_-1.47","527 -1.74_-1.47"
"plot_326",33.4,"PCAB",31.7,35.0210045583173,"-1.74_-1.47","527 -1.74_-1.47"
"plot_326",41.1,"PCAB",32.6,42.8110425295799,"-1.74_-1.47","527 -1.74_-1.47"
"plot_292",30.6,"PCAB",25.9,21.469411402617,"-1.24_-1.11","531 -1.24_-1.11"
"plot_292",47.8,"PCAB",27.9,0,"-1.24_-1.11","531 -1.24_-1.11"
"plot_292",11.3,"PCAB",7.6,40.1898645165343,"-1.24_-1.11","531 -1.24_-1.11"
"plot_292",10.6,"PCAB",7.5,41.1578677529217,"-1.24_-1.11","531 -1.24_-1.11"
"plot_225",62.8,"PCAB",31.6,0,"-0.41_-0.35","532 -0.41_-0.35"
"plot_225",38.8,"PCAB",25.6,19.9013590213856,"-0.41_-0.35","532 -0.41_-0.35"
"plot_225",33.4,"PCAB",23.4,30.7168241527834,"-0.41_-0.35","532 -0.41_-0.35"
"plot_310",47.2,"PCAB",28.8,0,"-1.47_-1.34","536 -1.47_-1.34"
"plot_34",37.1,"PCAB",18.3,6.62880817274298,"1.8_1.9","548 1.8_1.9"
"plot_34",45,"PCAB",18.7,0,"1.8_1.9","548 1.8_1.9"
"plot_34",51.9,"PCAB",23.6,8.43412808249973,"1.8_1.9","548 1.8_1.9"
"plot_30",47.2,"PCAB",27.6,0,"1.9_2.01","550 1.9_2.01"
"plot_30",17.5,"PCAB",15.1,24.7587552007404,"1.9_2.01","550 1.9_2.01"
"plot_30",40.1,"PCAB",28.3,5.82741309809327,"1.9_2.01","550 1.9_2.01"
"plot_30",33.4,"PCAB",23.9,19.1501298407062,"1.9_2.01","550 1.9_2.01"
"plot_48",49,"PCAB",28.1,3.39433378257109,"1.54_1.63","556 1.54_1.63"
"plot_48",27.9,"PCAB",25.6,6.54352123640094,"1.54_1.63","556 1.54_1.63"
"plot_48",13,"PCAB",9.7,42.3051548490854,"1.54_1.63","556 1.54_1.63"
"plot_48",46.9,"PCAB",31.3,9.60033015825198,"1.54_1.63","556 1.54_1.63"
"plot_92",42.7,"PCAB",22,2.79951248352203,"0.82_0.9","558 0.82_0.9"
"plot_92",31.1,"PCAB",22.4,7.00603208318939,"0.82_0.9","558 0.82_0.9"
"plot_92",37.2,"PCAB",22.8,5.19096687448139,"0.82_0.9","558 0.82_0.9"
"plot_92",26.7,"PCAB",22.8,0,"0.82_0.9","558 0.82_0.9"
"plot_92",15.2,"PCAB",10,9.25497314996689,"0.82_0.9","558 0.82_0.9"
"plot_62",38.4,"PCAB",20.9,26.4402980092818,"1.25_1.44","559 1.25_1.44"
"plot_268",44.4,"PCAB",30.5,6.88107295773818,"-0.88_-0.77","568 -0.88_-0.77"
"plot_269",30.4,"PCAB",24.3,19.3075771575359,"-0.88_-0.77","579 -0.88_-0.77"
"plot_216",45.1,"PCAB",31.5,35.9386164129216,"-0.35_-0.31","582 -0.35_-0.31"
"plot_216",58.4,"PCAB",34.3,15.1118632621501,"-0.35_-0.31","582 -0.35_-0.31"
"plot_316",26.9,"PCAB",21.2,6.18002325841733,"-1.74_-1.47","585 -1.74_-1.47"
"plot_316",11,"PCAB",10.3,39.7792948777247,"-1.74_-1.47","585 -1.74_-1.47"
"plot_316",22.6,"PCAB",19.1,13.7858583426664,"-1.74_-1.47","585 -1.74_-1.47"
"plot_316",30.1,"PCAB",24.1,37.4871744656093,"-1.74_-1.47","585 -1.74_-1.47"
"plot_316",32.1,"PCAB",24.4,36.1973520148453,"-1.74_-1.47","585 -1.74_-1.47"
"plot_29",30.5,"PCAB",19.3,4.13676618966117,"1.9_2.01","595 1.9_2.01"
"plot_29",17.4,"PCAB",11.9,5.64914263756715,"1.9_2.01","595 1.9_2.01"
"plot_29",30.7,"PCAB",18.3,6.87374644951074,"1.9_2.01","595 1.9_2.01"
"plot_29",10.5,"PCAB",7.7,7.63988441155692,"1.9_2.01","595 1.9_2.01"
"plot_26",21.9,"PCAB",16.4,38.7715268537847,"2.01_2.13","596 2.01_2.13"
"plot_26",60.9,"PCAB",33,0,"2.01_2.13","596 2.01_2.13"
"plot_26",52.2,"PCAB",37.9,17.9219457912347,"2.01_2.13","596 2.01_2.13"
"plot_26",40.6,"PCAB",33.3,34.6349556784875,"2.01_2.13","596 2.01_2.13"
"plot_26",13.8,"PCAB",9,44.7000369532492,"2.01_2.13","596 2.01_2.13"
"plot_26",38,"PCAB",28.6,43.7530509717144,"2.01_2.13","596 2.01_2.13"
"plot_46",36,"PCAB",21.1,27.3702504325285,"1.54_1.63","600 1.54_1.63"
"plot_46",21.4,"PCAB",16.4,25.571845717981,"1.54_1.63","600 1.54_1.63"
"plot_46",15.9,"PCAB",14.5,34.5491063185207,"1.54_1.63","600 1.54_1.63"
"plot_46",41.6,"PCAB",19.7,17.4189924368185,"1.54_1.63","600 1.54_1.63"
"plot_46",50,"PCAB",21.1,0,"1.54_1.63","600 1.54_1.63"
"plot_290",41.8,"PCAB",27.6,21.9428265604264,"-1.11_-0.98","610 -1.11_-0.98"
"plot_290",49.1,"PCAB",26.9,11.4765825962776,"-1.11_-0.98","610 -1.11_-0.98"
"plot_243",56.6,"PCAB",33.7,16.8191544070007,"-0.56_-0.51","612 -0.56_-0.51"
"plot_286",66.4,"PCAB",29.8,0,"-1.11_-0.98","613 -1.11_-0.98"
"plot_286",30.6,"PCAB",21.8,31.2882130976275,"-1.11_-0.98","613 -1.11_-0.98"
"plot_251",67,"PCAB",33.1,0,"-0.65_-0.56","615 -0.65_-0.56"
"plot_251",39.1,"PCAB",23.5,23.8300743371202,"-0.65_-0.56","615 -0.65_-0.56"
"plot_251",46.8,"PCAB",23.8,12.7890804737666,"-0.65_-0.56","615 -0.65_-0.56"
"plot_234",33,"PCAB",21.3,28.5264583951914,"-0.51_-0.45","618 -0.51_-0.45"
"plot_278",38.8,"PCAB",31,9.12167851526773,"-0.98_-0.88","621 -0.98_-0.88"
"plot_278",39.2,"PCAB",28.7,7.10619854481663,"-0.98_-0.88","621 -0.98_-0.88"
"plot_314",13.2,"PCAB",11,36.4813203784537,"-1.47_-1.34","622 -1.47_-1.34"
"plot_314",21.7,"PCAB",19.5,20.2634094320142,"-1.47_-1.34","622 -1.47_-1.34"
"plot_314",18.8,"PCAB",18.4,28.3196760178385,"-1.47_-1.34","622 -1.47_-1.34"
"plot_89",30,"PCAB",23.7,23.4073414333036,"0.9_0.98","632 0.9_0.98"
"plot_89",28.2,"PCAB",22.4,7.445256345672,"0.9_0.98","632 0.9_0.98"
"plot_97",41.4,"PCAB",31.7,22.0384897846042,"0.82_0.9","636 0.82_0.9"
"plot_97",55,"PCAB",34.3,15.3957491982213,"0.82_0.9","636 0.82_0.9"
"plot_97",57.2,"PCAB",33.2,11.1043549962477,"0.82_0.9","636 0.82_0.9"
"plot_97",59.6,"PCAB",36.9,6.44528889629088,"0.82_0.9","636 0.82_0.9"
"plot_66",38.1,"PCAB",26.8,21.0072883069018,"1.25_1.44","637 1.25_1.44"
"plot_66",28.7,"PCAB",21.4,7.71460424757944,"1.25_1.44","637 1.25_1.44"
"plot_66",16.6,"PCAB",16.2,28.5258454704646,"1.25_1.44","637 1.25_1.44"
"plot_66",52.4,"PCAB",31.1,4.11322442949204,"1.25_1.44","637 1.25_1.44"
"plot_66",44.5,"PCAB",24.7,10.9492273136237,"1.25_1.44","637 1.25_1.44"
"plot_237",54.5,"PCAB",29.6,0,"-0.51_-0.45","645 -0.51_-0.45"
"plot_237",35.2,"PCAB",27.7,40.4303319927967,"-0.51_-0.45","645 -0.51_-0.45"
"plot_237",45.2,"PCAB",29.7,50.971930433954,"-0.51_-0.45","645 -0.51_-0.45"
"plot_237",40.5,"PCAB",29.9,32.8515636927538,"-0.51_-0.45","645 -0.51_-0.45"
"plot_237",51.1,"PCAB",33.8,11.7208836009756,"-0.51_-0.45","645 -0.51_-0.45"
"plot_267",10,"PCAB",6.1,16.7150596979194,"-0.88_-0.77","649 -0.88_-0.77"
"plot_264",15.5,"PCAB",15.4,35.2775817290083,"-0.77_-0.7","650 -0.77_-0.7"
"plot_264",23.6,"PCAB",19.6,20.9048754494476,"-0.77_-0.7","650 -0.77_-0.7"
"plot_264",11.7,"PCAB",12.4,47.6025440386451,"-0.77_-0.7","650 -0.77_-0.7"
"plot_264",14.9,"PCAB",15.1,37.3023491898212,"-0.77_-0.7","650 -0.77_-0.7"
"plot_264",39.3,"PCAB",22.4,13.3330307483743,"-0.77_-0.7","650 -0.77_-0.7"
"plot_305",13.5,"PCAB",10.9,8.38221954708446,"-1.34_-1.24","656 -1.34_-1.24"
"plot_305",32.6,"PCAB",19.1,9.09791362348039,"-1.34_-1.24","656 -1.34_-1.24"
"plot_352",53,"PCAB",29,0,"-2.66_-2.06","661 -2.66_-2.06"
"plot_355",11.6,"PCAB",14.1,22.7062945614161,"-2.66_-2.06","662 -2.66_-2.06"
"plot_107",38.4,"PCAB",30.2,19.9647860491856,"0.5_0.68","666 0.5_0.68"
"plot_13",44.6,"PCAB",23.5,13.1367285670342,"2.13_2.35","670 2.13_2.35"
"plot_54",70.1,"PCAB",39.1,14.210350970338,"1.44_1.54","673 1.44_1.54"
"plot_54",74,"PCAB",37.7,0,"1.44_1.54","673 1.44_1.54"
"plot_54",68.9,"PCAB",27.6,20.6556398666289,"1.44_1.54","673 1.44_1.54"
"plot_54",57.5,"PCAB",30.9,36.6272536011283,"1.44_1.54","673 1.44_1.54"
"plot_54",61.1,"PCAB",38.7,26.8821513921164,"1.44_1.54","673 1.44_1.54"
"plot_54",60.8,"PCAB",35.3,31.77868537567,"1.44_1.54","673 1.44_1.54"
"plot_54",50.2,"PCAB",34.8,41.8122068389522,"1.44_1.54","673 1.44_1.54"
"plot_115",44.1,"PCAB",27,16.7077838478735,"0.5_0.68","675 0.5_0.68"
"plot_115",54.1,"PCAB",33,6.87517069054025,"0.5_0.68","675 0.5_0.68"
"plot_115",72.4,"PCAB",32.2,0,"0.5_0.68","675 0.5_0.68"
"plot_115",34.5,"PCAB",21.6,26.9050560372954,"0.5_0.68","675 0.5_0.68"
"plot_212",40.9,"PCAB",21,23.6750242518347,"-0.31_-0.28","678 -0.31_-0.28"
"plot_212",42.3,"PCAB",28.4,21.3281647685931,"-0.31_-0.28","678 -0.31_-0.28"
"plot_212",39.8,"PCAB",27.1,25.8691068276953,"-0.31_-0.28","678 -0.31_-0.28"
"plot_212",55.1,"PCAB",34,4.09854745839319,"-0.31_-0.28","678 -0.31_-0.28"
"plot_212",25.6,"PCAB",16.9,13.9376793419429,"-0.31_-0.28","678 -0.31_-0.28"
"plot_193",36.7,"PCAB",22,18.4856864502239,"-0.17_-0.13","682 -0.17_-0.13"
"plot_193",15.8,"PCAB",11.2,21.4688091593053,"-0.17_-0.13","682 -0.17_-0.13"
"plot_248",34.7,"PCAB",27.9,14.454731064631,"-0.65_-0.56","684 -0.65_-0.56"
"plot_248",43.9,"PCAB",30.6,3.42490202886924,"-0.65_-0.56","684 -0.65_-0.56"
"plot_248",38.8,"PCAB",31.5,31.6174979535163,"-0.65_-0.56","684 -0.65_-0.56"
"plot_218",42.4,"PCAB",26.9,5.08863397056024,"-0.35_-0.31","689 -0.35_-0.31"
"plot_218",36.3,"PCAB",27.1,14.8350084460571,"-0.35_-0.31","689 -0.35_-0.31"
"plot_201",41.4,"PCAB",28.1,19.0225035816319,"-0.19_-0.17","692 -0.19_-0.17"
"plot_201",36.1,"PCAB",25.9,34.8019028180725,"-0.19_-0.17","692 -0.19_-0.17"
"plot_201",44.8,"PCAB",28.6,49.9035310069766,"-0.19_-0.17","692 -0.19_-0.17"
"plot_201",33.5,"PCAB",23.5,39.7068784967057,"-0.19_-0.17","692 -0.19_-0.17"
"plot_201",26.6,"PCAB",23.8,5.92956041242841,"-0.19_-0.17","692 -0.19_-0.17"
"plot_222",37.5,"PCAB",31.3,26.6099876021737,"-0.41_-0.35","693 -0.41_-0.35"
"plot_259",35,"PCAB",24.9,30.4733512719089,"-0.7_-0.65","694 -0.7_-0.65"
"plot_333",43,"PCAB",33.5,2.59732547082322,"-1.86_-1.74","697 -1.86_-1.74"
"plot_47",45.6,"PCAB",18,6.53038293884399,"1.54_1.63","708 1.54_1.63"
"plot_47",10.5,"PCAB",4.4,38.3285955119709,"1.54_1.63","708 1.54_1.63"
"plot_77",41.9,"PCAB",24.8,7.37952598067819,"1.06_1.2","709 1.06_1.2"
"plot_69",21.3,"PCAB",18,26.8087987379468,"1.2_1.25","710 1.2_1.25"
"plot_69",45.6,"PCAB",24.2,12.0602669493697,"1.2_1.25","710 1.2_1.25"
"plot_69",12.5,"PCAB",19.9,46.1108581984955,"1.2_1.25","710 1.2_1.25"
"plot_69",44.1,"PCAB",26.3,17.3611792780108,"1.2_1.25","710 1.2_1.25"
"plot_69",34.3,"PCAB",21.5,28.5904352017057,"1.2_1.25","710 1.2_1.25"
"plot_59",65.1,"PCAB",29,0,"1.25_1.44","711 1.25_1.44"
"plot_195",37.7,"PCAB",25.8,0,"-0.17_-0.13","714 -0.17_-0.13"
"plot_195",34.6,"PCAB",27.9,7.30433109657654,"-0.17_-0.13","714 -0.17_-0.13"
"plot_189",24.2,"PCAB",19,28.0273486223071,"-0.13_-0.07","716 -0.13_-0.07"
"plot_189",35.5,"PCAB",20.8,42.5538648434532,"-0.13_-0.07","716 -0.13_-0.07"
"plot_189",22.8,"PCAB",18.5,36.7824086941482,"-0.13_-0.07","716 -0.13_-0.07"
"plot_189",42.9,"PCAB",27.3,23.2665799004553,"-0.13_-0.07","716 -0.13_-0.07"
"plot_189",43.1,"PCAB",29.6,20.8301108849997,"-0.13_-0.07","716 -0.13_-0.07"
"plot_304",52,"PCAB",26.8,0,"-1.34_-1.24","719 -1.34_-1.24"
"plot_304",21.1,"PCAB",17.3,16.263449313701,"-1.34_-1.24","719 -1.34_-1.24"
"plot_304",43.4,"PCAB",28.2,9.78350134623806,"-1.34_-1.24","719 -1.34_-1.24"
"plot_304",17.8,"PCAB",17.3,19.7107582023932,"-1.34_-1.24","719 -1.34_-1.24"
"plot_304",48.2,"PCAB",26.7,6.73630506958848,"-1.34_-1.24","719 -1.34_-1.24"
"plot_287",40.2,"PCAB",26.4,2.50477792115965,"-1.11_-0.98","721 -1.11_-0.98"
"plot_287",31.7,"PCAB",22.3,10.9470331075047,"-1.11_-0.98","721 -1.11_-0.98"
"plot_287",17.8,"PCAB",15,12.2650618374002,"-1.11_-0.98","721 -1.11_-0.98"
"plot_287",18.9,"PCAB",18.8,9.54427271776866,"-1.11_-0.98","721 -1.11_-0.98"
"plot_287",10.7,"PCAB",13.2,15.7373463876885,"-1.11_-0.98","721 -1.11_-0.98"
"plot_203",22.3,"PCAB",21.9,9.58734524895634,"-0.28_-0.19","723 -0.28_-0.19"
"plot_203",22.3,"PCAB",20.4,9.58734524895634,"-0.28_-0.19","723 -0.28_-0.19"
"plot_203",19.2,"PCAB",20.7,11.5401985123359,"-0.28_-0.19","723 -0.28_-0.19"
"plot_203",13.9,"PCAB",13,12.9878444071101,"-0.28_-0.19","723 -0.28_-0.19"
"plot_187",11.5,"PCAB",6.4,30.9262965581158,"-0.13_-0.07","729 -0.13_-0.07"
"plot_175",39.5,"PCAB",27.7,45.1885469139804,"0_0.03","730 0_0.03"
"plot_255",39.7,"PCAB",22.2,23.6475779632361,"-0.7_-0.65","735 -0.7_-0.65"
"plot_354",10.9,"PCAB",8.6,6.87226141866339,"-2.66_-2.06","738 -2.66_-2.06"
"plot_19",49.7,"PCAB",27.1,32.5636475645469,"2.13_2.35","752 2.13_2.35"
"plot_19",60.2,"PCAB",30.4,16.3108367045886,"2.13_2.35","752 2.13_2.35"
"plot_19",55.9,"PCAB",28.3,21.0641816859204,"2.13_2.35","752 2.13_2.35"
"plot_19",66.2,"PCAB",29.8,0,"2.13_2.35","752 2.13_2.35"
"plot_19",62.6,"PCAB",31.5,11.1709325702403,"2.13_2.35","752 2.13_2.35"
"plot_18",37.6,"PCAB",22.4,18.4521530116996,"2.13_2.35","753 2.13_2.35"
"plot_16",17.5,"PCAB",12.5,34.593437960774,"2.13_2.35","754 2.13_2.35"
"plot_16",33.4,"PCAB",20.9,29.1248300080982,"2.13_2.35","754 2.13_2.35"
"plot_6",51.2,"PCAB",28.5,22.6409526936239,"2.35_2.7","755 2.35_2.7"
"plot_6",56.8,"PCAB",31,10.3976962188633,"2.35_2.7","755 2.35_2.7"
"plot_6",39.4,"PCAB",23.7,35.4129756544584,"2.35_2.7","755 2.35_2.7"
"plot_6",56.5,"PCAB",33.1,14.6292807798978,"2.35_2.7","755 2.35_2.7"
"plot_6",48.6,"PCAB",30.9,29.3452068422613,"2.35_2.7","755 2.35_2.7"
"plot_6",60.2,"PCAB",27.2,5.64435123753153,"2.35_2.7","755 2.35_2.7"
"plot_6",65.6,"PCAB",30.9,0,"2.35_2.7","755 2.35_2.7"
"plot_6",71.7,"PCAB",30.5,44.0802085766776,"2.35_2.7","755 2.35_2.7"
"plot_4",48.8,"PCAB",23.8,15.5276976604684,"2.7_3.19","756 2.7_3.19"
"plot_4",38.1,"PCAB",21.6,42.8825491053664,"2.7_3.19","756 2.7_3.19"
"plot_4",26.4,"PCAB",19.8,27.2829794233461,"2.7_3.19","756 2.7_3.19"
"plot_4",53.2,"PCAB",22.3,8.2141327947644,"2.7_3.19","756 2.7_3.19"
"plot_4",12.4,"PCAB",4.5,53.3554520285737,"2.7_3.19","756 2.7_3.19"
"plot_90",60.8,"PCAB",33.1,0,"0.9_0.98","757 0.9_0.98"
"plot_90",36.7,"PCAB",27.5,45.3801500581089,"0.9_0.98","757 0.9_0.98"
"plot_90",40.1,"PCAB",29.7,39.5135481834761,"0.9_0.98","757 0.9_0.98"
"plot_90",24.5,"PCAB",21.7,35.0472820173692,"0.9_0.98","757 0.9_0.98"
"plot_90",19,"PCAB",18.8,51.7822634967828,"0.9_0.98","757 0.9_0.98"
"plot_90",60.5,"PCAB",34.4,4.84856822545838,"0.9_0.98","757 0.9_0.98"
"plot_90",50.9,"PCAB",29.8,9.64940678350948,"0.9_0.98","757 0.9_0.98"
"plot_121",41.7,"PCAB",29.1,23.1070455843559,"0.44_0.5","759 0.44_0.5"
"plot_121",58,"PCAB",37.1,0,"0.44_0.5","759 0.44_0.5"
"plot_121",42.3,"PCAB",33.3,18.4244097640554,"0.44_0.5","759 0.44_0.5"
"plot_121",62.3,"PCAB",37.7,26.1729061415003,"0.44_0.5","759 0.44_0.5"
"plot_121",42.2,"PCAB",33.7,20.7712692472971,"0.44_0.5","759 0.44_0.5"
"plot_121",47.3,"PCAB",35.7,10.4005274221627,"0.44_0.5","759 0.44_0.5"
"plot_253",74.3,"PCAB",35.7,0,"-0.65_-0.56","763 -0.65_-0.56"
"plot_253",43.4,"PCAB",26.8,18.9336181865246,"-0.65_-0.56","763 -0.65_-0.56"
"plot_253",11.2,"PCAB",8.6,27.0849721425933,"-0.65_-0.56","763 -0.65_-0.56"
"plot_253",10.1,"PCAB",9.9,27.3312730066347,"-0.65_-0.56","763 -0.65_-0.56"
"plot_253",11.2,"PCAB",9.5,27.0849721425933,"-0.65_-0.56","763 -0.65_-0.56"
"plot_231",15.9,"PCAB",15.6,16.4348256276886,"-0.45_-0.41","765 -0.45_-0.41"
"plot_231",10.7,"PCAB",7,23.4317958261386,"-0.45_-0.41","765 -0.45_-0.41"
"plot_231",12.2,"PCAB",11.7,21.2605626034264,"-0.45_-0.41","765 -0.45_-0.41"
"plot_231",15.6,"PCAB",12.8,17.4276081761311,"-0.45_-0.41","765 -0.45_-0.41"
"plot_208",28.4,"PCAB",19.8,3.69824258088012,"-0.28_-0.19","768 -0.28_-0.19"
"plot_208",13.4,"PCAB",8.5,26.9966078591674,"-0.28_-0.19","768 -0.28_-0.19"
"plot_208",41.5,"PCAB",24.3,14.2750560765693,"-0.28_-0.19","768 -0.28_-0.19"
"plot_208",43,"PCAB",21,9.56904452927139,"-0.28_-0.19","768 -0.28_-0.19"
"plot_208",34.6,"PCAB",28.9,26.2115013926478,"-0.28_-0.19","768 -0.28_-0.19"
"plot_114",18.3,"PCAB",8.8,4.57420111877802,"0.5_0.68","769 0.5_0.68"
"plot_114",10,"PCAB",4.2,5.76639626090718,"0.5_0.68","769 0.5_0.68"
"plot_114",12.3,"PCAB",8.3,5.23175609612845,"0.5_0.68","769 0.5_0.68"
"plot_60",16.4,"PCAB",12,27.7039693322886,"1.25_1.44","770 1.25_1.44"
"plot_60",17.1,"PCAB",12.7,26.5556779474933,"1.25_1.44","770 1.25_1.44"
"plot_60",60,"PCAB",27.3,4.76914994127287,"1.25_1.44","770 1.25_1.44"
"plot_60",23.1,"PCAB",13.7,14.5731359638688,"1.25_1.44","770 1.25_1.44"
"plot_60",24.3,"PCAB",12.8,12.2542871563461,"1.25_1.44","770 1.25_1.44"
"plot_60",60.3,"PCAB",25.3,0,"1.25_1.44","770 1.25_1.44"
"plot_138",16.4,"PCAB",16,16.8375409707049,"0.27_0.34","771 0.27_0.34"
"plot_138",15,"PCAB",13.6,18.8494169060638,"0.27_0.34","771 0.27_0.34"
"plot_138",16.8,"PCAB",11.4,15.7291870825185,"0.27_0.34","771 0.27_0.34"
"plot_138",25.1,"PCAB",17.5,2.71626027820191,"0.27_0.34","771 0.27_0.34"
"plot_138",15.6,"PCAB",14,17.8937444208418,"0.27_0.34","771 0.27_0.34"
"plot_213",63.9,"PCAB",38.7,14.5029591457128,"-0.31_-0.28","772 -0.31_-0.28"
"plot_213",81.7,"PCAB",43.3,0,"-0.31_-0.28","772 -0.31_-0.28"
"plot_213",62.7,"PCAB",36.9,44.2887763211355,"-0.31_-0.28","772 -0.31_-0.28"
"plot_213",36.9,"PCAB",26.3,39.4621650008923,"-0.31_-0.28","772 -0.31_-0.28"
"plot_213",55.1,"PCAB",37.4,29.6198327769064,"-0.31_-0.28","772 -0.31_-0.28"
"plot_213",66.2,"PCAB",39.8,8.75488539928959,"-0.31_-0.28","772 -0.31_-0.28"
"plot_308",14.5,"PCAB",13.1,34.1734980506362,"-1.47_-1.34","781 -1.47_-1.34"
"plot_308",38.1,"PCAB",29.6,20.2033384105664,"-1.47_-1.34","781 -1.47_-1.34"
"plot_308",25.7,"PCAB",24.5,6.99735194122734,"-1.47_-1.34","781 -1.47_-1.34"
"plot_308",21.1,"PCAB",21.9,25.7863847661354,"-1.47_-1.34","781 -1.47_-1.34"
"plot_308",53.4,"PCAB",25.7,0,"-1.47_-1.34","781 -1.47_-1.34"
"plot_334",33.6,"PCAB",25.7,19.334248768656,"-2.06_-1.86","784 -2.06_-1.86"
"plot_344",27,"PCAB",18.2,0,"-2.66_-2.06","787 -2.66_-2.06"
"plot_344",18.7,"PCAB",19,9.01444669030238,"-2.66_-2.06","787 -2.66_-2.06"
"plot_344",20.3,"PCAB",16.6,7.39617304453011,"-2.66_-2.06","787 -2.66_-2.06"
"plot_344",11.6,"PCAB",10.1,16.0566944645537,"-2.66_-2.06","787 -2.66_-2.06"
"plot_344",30.1,"PCAB",22.3,15.4625263418873,"-2.66_-2.06","787 -2.66_-2.06"
"plot_329",18.4,"PCAB",10.7,6.98631167778427,"-1.86_-1.74","788 -1.86_-1.74"
"plot_329",15.8,"PCAB",11.7,9.46412507357871,"-1.86_-1.74","788 -1.86_-1.74"
"plot_329",12.1,"PCAB",6.6,13.718941083968,"-1.86_-1.74","788 -1.86_-1.74"
"plot_329",11.1,"PCAB",8.1,13.2605434459011,"-1.86_-1.74","788 -1.86_-1.74"
"plot_329",11.5,"PCAB",8.7,12.7589489088473,"-1.86_-1.74","788 -1.86_-1.74"
"plot_40",21.6,"PCAB",17.1,25.1594248171605,"1.63_1.8","791 1.63_1.8"
"plot_40",31,"PCAB",23.2,31.2877518332861,"1.63_1.8","791 1.63_1.8"
"plot_40",16,"PCAB",17.1,32.5482137837778,"1.63_1.8","791 1.63_1.8"
"plot_40",56.7,"PCAB",31.8,0,"1.63_1.8","791 1.63_1.8"
"plot_40",41.3,"PCAB",28.9,18.6339134675046,"1.63_1.8","791 1.63_1.8"
"plot_12",61.9,"PCAB",28.9,6.10063584037965,"2.35_2.7","796 2.35_2.7"
"plot_12",47.6,"PCAB",30,18.9264198552774,"2.35_2.7","796 2.35_2.7"
"plot_12",34.3,"PCAB",20.9,30.9363603752922,"2.35_2.7","796 2.35_2.7"
"plot_12",68.2,"PCAB",27.7,0,"2.35_2.7","796 2.35_2.7"
"plot_12",30.5,"PCAB",21.5,35.2949354941276,"2.35_2.7","796 2.35_2.7"
"plot_12",45.4,"PCAB",27.3,21.8982245055854,"2.35_2.7","796 2.35_2.7"
"plot_12",51.5,"PCAB",28.9,15.4476891495631,"2.35_2.7","796 2.35_2.7"
"plot_102",23.7,"PCAB",17.9,4.99709581461627,"0.68_0.82","798 0.68_0.82"
"plot_102",26.3,"PCAB",17,0,"0.68_0.82","798 0.68_0.82"
"plot_36",85.3,"PCAB",40.4,0,"1.8_1.9","801 1.8_1.9"
"plot_36",68,"PCAB",43.2,16.6291000680504,"1.8_1.9","801 1.8_1.9"
"plot_36",73.5,"PCAB",43.9,9.54342829693328,"1.8_1.9","801 1.8_1.9"
"plot_36",14.1,"PCAB",12.3,37.8146797270695,"1.8_1.9","801 1.8_1.9"
"plot_36",66.4,"PCAB",38.6,22.6940075176586,"1.8_1.9","801 1.8_1.9"
"plot_36",14.2,"PCAB",10.9,36.242116254407,"1.8_1.9","801 1.8_1.9"
"plot_36",16,"PCAB",10.2,34.4111567859867,"1.8_1.9","801 1.8_1.9"
"plot_36",10.5,"PCAB",10.6,40.8024914202661,"1.8_1.9","801 1.8_1.9"
"plot_36",20.8,"PCAB",15.1,30.3602893578369,"1.8_1.9","801 1.8_1.9"
"plot_28",49.3,"PCAB",32.3,3.27986200025591,"1.9_2.01","802 1.9_2.01"
"plot_28",20,"PCAB",18.8,32.8296490419597,"1.9_2.01","802 1.9_2.01"
"plot_28",36,"PCAB",31.8,29.541377940648,"1.9_2.01","802 1.9_2.01"
"plot_28",45.7,"PCAB",33.3,9.5685201974575,"1.9_2.01","802 1.9_2.01"
"plot_28",25.5,"PCAB",26,14.9638351076843,"1.9_2.01","802 1.9_2.01"
"plot_113",38.6,"PCAB",29.6,5.15748134524513,"0.5_0.68","804 0.5_0.68"
"plot_113",12.2,"PCAB",6.7,19.0025817215979,"0.5_0.68","804 0.5_0.68"
"plot_250",19.1,"PCAB",25.5,39.6681823218942,"-0.65_-0.56","805 -0.65_-0.56"
"plot_250",25,"PCAB",20.7,13.7955617013557,"-0.65_-0.56","805 -0.65_-0.56"
"plot_250",22.3,"PCAB",18.9,20.977161689991,"-0.65_-0.56","805 -0.65_-0.56"
"plot_250",42.2,"PCAB",18.7,18.6413853529321,"-0.65_-0.56","805 -0.65_-0.56"
"plot_250",31.7,"PCAB",24,45.9130031279067,"-0.65_-0.56","805 -0.65_-0.56"
"plot_226",27.4,"PCAB",23.1,13.2309712415538,"-0.41_-0.35","807 -0.41_-0.35"
"plot_226",48.3,"PCAB",28.3,10.171117880802,"-0.41_-0.35","807 -0.41_-0.35"
"plot_226",52.1,"PCAB",34.1,0,"-0.41_-0.35","807 -0.41_-0.35"
"plot_226",31.4,"PCAB",23,35.1035548532988,"-0.41_-0.35","807 -0.41_-0.35"
"plot_226",41.3,"PCAB",29.3,21.0927018494278,"-0.41_-0.35","807 -0.41_-0.35"
"plot_137",48.1,"PCAB",32.5,15.9675870766556,"0.34_0.38","809 0.34_0.38"
"plot_137",32.4,"PCAB",28.5,38.2745082820503,"0.34_0.38","809 0.34_0.38"
"plot_137",50.7,"PCAB",40.3,9.2511480252917,"0.34_0.38","809 0.34_0.38"
"plot_137",50.5,"PCAB",36,12.6226410940943,"0.34_0.38","809 0.34_0.38"
"plot_137",17.4,"PCAB",13.6,40.9521656122027,"0.34_0.38","809 0.34_0.38"
"plot_137",61.4,"PCAB",33.6,0,"0.34_0.38","809 0.34_0.38"
"plot_58",14.9,"PCAB",11.7,31.6909350379884,"1.44_1.54","810 1.44_1.54"
"plot_58",15.2,"PCAB",10.2,30.7836430796317,"1.44_1.54","810 1.44_1.54"
"plot_58",14.2,"PCAB",10.3,33.3770670850782,"1.44_1.54","810 1.44_1.54"
"plot_58",12.4,"PCAB",9,37.1404594646298,"1.44_1.54","810 1.44_1.54"
"plot_58",14.4,"PCAB",12,32.5627662692678,"1.44_1.54","810 1.44_1.54"
"plot_64",41.3,"PCAB",27.3,30.8338061854385,"1.25_1.44","813 1.25_1.44"
"plot_98",36.7,"PCAB",27.6,37.7800748483708,"0.68_0.82","814 0.68_0.82"
"plot_98",29.6,"PCAB",26.5,7.79188459942436,"0.68_0.82","814 0.68_0.82"
"plot_98",54.2,"PCAB",33.2,3.93883210801715,"0.68_0.82","814 0.68_0.82"
"plot_98",45.5,"PCAB",31.8,14.1175981961343,"0.68_0.82","814 0.68_0.82"
"plot_98",11.5,"PCAB",8.3,42.7059365418234,"0.68_0.82","814 0.68_0.82"
"plot_273",24.5,"PCAB",20.9,9.18446552210439,"-0.88_-0.77","815 -0.88_-0.77"
"plot_273",16.2,"PCAB",12.7,16.8375881338646,"-0.88_-0.77","815 -0.88_-0.77"
"plot_273",16.8,"PCAB",14.7,14.698634775668,"-0.88_-0.77","815 -0.88_-0.77"
"plot_273",68.7,"PCAB",39.7,19.0021096187619,"-0.88_-0.77","815 -0.88_-0.77"
"plot_273",16.2,"PCAB",13.2,16.8375881338646,"-0.88_-0.77","815 -0.88_-0.77"
"plot_273",67.1,"PCAB",43.1,0,"-0.88_-0.77","815 -0.88_-0.77"
"plot_273",31.9,"PCAB",24.1,17.8681876038748,"-0.88_-0.77","815 -0.88_-0.77"
"plot_151",39.2,"PCAB",23.9,19.9863270860733,"0.24_0.27","816 0.24_0.27"
"plot_151",18.1,"PCAB",18.3,26.552481926747,"0.24_0.27","816 0.24_0.27"
"plot_151",27.1,"PCAB",20.5,9.62540792160926,"0.24_0.27","816 0.24_0.27"
"plot_151",42.4,"PCAB",24.2,17.6283582243502,"0.24_0.27","816 0.24_0.27"
"plot_151",42.8,"PCAB",24.4,15.2256895257148,"0.24_0.27","816 0.24_0.27"
"plot_214",13.5,"PCAB",12.6,26.469107356393,"-0.31_-0.28","818 -0.31_-0.28"
"plot_214",48.1,"PCAB",28.5,11.9046499636899,"-0.31_-0.28","818 -0.31_-0.28"
"plot_214",46,"PCAB",30.6,14.9392153885359,"-0.31_-0.28","818 -0.31_-0.28"
"plot_214",63.3,"PCAB",34.8,6.64915320530744,"-0.31_-0.28","818 -0.31_-0.28"
"plot_214",42.4,"PCAB",29.6,17.7145925864967,"-0.31_-0.28","818 -0.31_-0.28"
"plot_247",40.1,"PCAB",21.5,4.38908139721846,"-0.65_-0.56","820 -0.65_-0.56"
"plot_247",33.6,"PCAB",20.3,13.7556550708948,"-0.65_-0.56","820 -0.65_-0.56"
"plot_247",21.7,"PCAB",20.4,11.7215562945025,"-0.65_-0.56","820 -0.65_-0.56"
"plot_247",20,"PCAB",16.2,17.5394615195094,"-0.65_-0.56","820 -0.65_-0.56"
"plot_247",50.4,"PCAB",29.6,0,"-0.65_-0.56","820 -0.65_-0.56"
"plot_313",10,"PCAB",7.6,33.3877425310744,"-1.47_-1.34","824 -1.47_-1.34"
"plot_300",44,"PCAB",29.3,18.3857511312761,"-1.34_-1.24","828 -1.34_-1.24"
"plot_300",52.7,"PCAB",27.4,0,"-1.34_-1.24","828 -1.34_-1.24"
"plot_300",48.8,"PCAB",32.6,7.02754099729219,"-1.34_-1.24","828 -1.34_-1.24"
"plot_300",50.8,"PCAB",36.9,3.64273503692091,"-1.34_-1.24","828 -1.34_-1.24"
"plot_300",41.2,"PCAB",31.7,20.9250376413197,"-1.34_-1.24","828 -1.34_-1.24"
"plot_298",40.4,"PCAB",31,19.7169564076191,"-1.24_-1.11","832 -1.24_-1.11"
"plot_327",14.6,"PCAB",18.7,19.8439946390885,"-1.86_-1.74","833 -1.86_-1.74"
"plot_327",21,"PCAB",21.2,7.69469401143823,"-1.86_-1.74","833 -1.86_-1.74"
"plot_327",31,"PCAB",23.3,15.3795794208332,"-1.86_-1.74","833 -1.86_-1.74"
"plot_327",21.4,"PCAB",22.2,27.2997311807732,"-1.86_-1.74","833 -1.86_-1.74"
"plot_25",41.9,"PCAB",29.1,19.7153582794362,"2.01_2.13","839 2.01_2.13"
"plot_25",26.5,"PCAB",23,9.57280407319994,"2.01_2.13","839 2.01_2.13"
"plot_2",12.2,"PCAB",7.4,46.4849460926152,"2.7_3.19","842 2.7_3.19"
"plot_2",50,"PCAB",24.3,7.76476040261253,"2.7_3.19","842 2.7_3.19"
"plot_2",55.2,"PCAB",25.5,0,"2.7_3.19","842 2.7_3.19"
"plot_2",53.6,"PCAB",26.6,3.9965431650636,"2.7_3.19","842 2.7_3.19"
"plot_2",36.7,"PCAB",20,36.5048008775661,"2.7_3.19","842 2.7_3.19"
"plot_11",39.9,"PCAB",26,12.013736977657,"2.35_2.7","845 2.35_2.7"
"plot_11",18.6,"PCAB",13,19.3579674004916,"2.35_2.7","845 2.35_2.7"
"plot_11",39.4,"PCAB",19.1,14.1018410669413,"2.35_2.7","845 2.35_2.7"
"plot_11",49.4,"PCAB",27.5,3.21378448927388,"2.35_2.7","845 2.35_2.7"
"plot_11",49.5,"PCAB",22.1,0,"2.35_2.7","845 2.35_2.7"
"plot_49",59.4,"PCAB",30.8,6.33542802951338,"1.54_1.63","847 1.54_1.63"
"plot_49",69.5,"PCAB",33.8,0,"1.54_1.63","847 1.54_1.63"
"plot_49",15.8,"PCAB",8.6,11.9560602425103,"1.54_1.63","847 1.54_1.63"
"plot_49",11.9,"PCAB",8.3,12.936394230063,"1.54_1.63","847 1.54_1.63"
"plot_37",34.4,"PCAB",24.5,19.7945334828902,"1.8_1.9","849 1.8_1.9"
"plot_37",25.9,"PCAB",21,5.46735037313655,"1.8_1.9","849 1.8_1.9"
"plot_37",11.1,"PCAB",12.7,27.2825736866549,"1.8_1.9","849 1.8_1.9"
"plot_67",54.7,"PCAB",27.7,8.06581537815504,"1.2_1.25","850 1.2_1.25"
"plot_67",49.9,"PCAB",29.3,15.4960877405861,"1.2_1.25","850 1.2_1.25"
"plot_67",13,"PCAB",8.1,53.6343702034517,"1.2_1.25","850 1.2_1.25"
"plot_67",34.5,"PCAB",21.7,54.8083833780982,"1.2_1.25","850 1.2_1.25"
"plot_67",20.1,"PCAB",15.3,47.1160882868102,"1.2_1.25","850 1.2_1.25"
"plot_83",20.6,"PCAB",13.5,10.3135737923781,"0.98_1.06","851 0.98_1.06"
"plot_83",24.6,"PCAB",18.2,3.39433378257109,"0.98_1.06","851 0.98_1.06"
"plot_83",15.8,"PCAB",15.1,20.4628586252553,"0.98_1.06","851 0.98_1.06"
"plot_83",16.7,"PCAB",14.1,17.2932272572322,"0.98_1.06","851 0.98_1.06"
"plot_83",33.8,"PCAB",19.4,23.1442079550941,"0.98_1.06","851 0.98_1.06"
"plot_209",25.5,"PCAB",17.6,28.2557454712759,"-0.31_-0.28","854 -0.31_-0.28"
"plot_209",22.6,"PCAB",17.4,53.072501109016,"-0.31_-0.28","854 -0.31_-0.28"
"plot_209",19.7,"PCAB",15.8,42.5274620348545,"-0.31_-0.28","854 -0.31_-0.28"
"plot_209",14.8,"PCAB",11.6,49.0494176514052,"-0.31_-0.28","854 -0.31_-0.28"
"plot_209",34.6,"PCAB",25,40.9572491018153,"-0.31_-0.28","854 -0.31_-0.28"
"plot_81",10,"PCAB",7,41.4850508047854,"0.98_1.06","856 0.98_1.06"
"plot_81",15.2,"PCAB",26.5,36.2528023818182,"0.98_1.06","856 0.98_1.06"
"plot_81",44.5,"PCAB",28.2,2.92206821205343,"0.98_1.06","856 0.98_1.06"
"plot_81",20.7,"PCAB",17.8,27.551582610715,"0.98_1.06","856 0.98_1.06"
"plot_81",35.4,"PCAB",27.9,29.2342589058859,"0.98_1.06","856 0.98_1.06"
"plot_78",12.2,"PCAB",9.1,36.0730827831408,"1.06_1.2","858 1.06_1.2"
"plot_78",33.3,"PCAB",22.4,19.7665729155741,"1.06_1.2","858 1.06_1.2"
"plot_78",55.2,"PCAB",32.3,39.89510513559,"1.06_1.2","858 1.06_1.2"
"plot_78",21.4,"PCAB",16.1,12.7463815957552,"1.06_1.2","858 1.06_1.2"
"plot_78",21.2,"PCAB",18.9,14.5447863103027,"1.06_1.2","858 1.06_1.2"
"plot_70",73,"PCAB",37.4,0,"1.2_1.25","861 1.2_1.25"
"plot_70",52.8,"PCAB",37.8,6.98959597728415,"1.2_1.25","861 1.2_1.25"
"plot_70",41.5,"PCAB",23.7,21.7902515003733,"1.2_1.25","861 1.2_1.25"
"plot_70",45.6,"PCAB",29.6,14.0174508982223,"1.2_1.25","861 1.2_1.25"
"plot_70",30.9,"PCAB",26.6,41.1283074473565,"1.2_1.25","861 1.2_1.25"
"plot_70",31.8,"PCAB",28.8,39.2005941901387,"1.2_1.25","861 1.2_1.25"
"plot_129",21.5,"PCAB",17.9,20.2477207895411,"0.38_0.44","862 0.38_0.44"
"plot_129",18.5,"PCAB",12.1,30.074027749401,"0.38_0.44","862 0.38_0.44"
"plot_129",32.3,"PCAB",21.2,28.7056330060832,"0.38_0.44","862 0.38_0.44"
"plot_129",44.3,"PCAB",25.4,9.35401358624727,"0.38_0.44","862 0.38_0.44"
"plot_129",42.3,"PCAB",25.7,11.9280447758627,"0.38_0.44","862 0.38_0.44"
"plot_173",62.3,"PCAB",42.1,0,"0_0.03","863 0_0.03"
"plot_173",26.3,"PCAB",25.4,8.37061992306942,"0_0.03","863 0_0.03"
"plot_240",21.7,"PCAB",14.3,11.6393924154174,"-0.56_-0.51","864 -0.56_-0.51"
"plot_240",23.8,"PCAB",11.4,5.27668554419386,"-0.56_-0.51","864 -0.56_-0.51"
"plot_240",35.5,"PCAB",19.4,13.4885731212286,"-0.56_-0.51","864 -0.56_-0.51"
"plot_240",35.4,"PCAB",22.4,15.1415358403827,"-0.56_-0.51","864 -0.56_-0.51"
"plot_240",16.5,"PCAB",14,19.5810699589807,"-0.56_-0.51","864 -0.56_-0.51"
"plot_227",35.9,"PCAB",23.7,61.4756271305421,"-0.41_-0.35","865 -0.41_-0.35"
"plot_227",40.3,"PCAB",31.3,56.812516151504,"-0.41_-0.35","865 -0.41_-0.35"
"plot_227",54.9,"PCAB",32.5,28.7435765338347,"-0.41_-0.35","865 -0.41_-0.35"
"plot_227",55.4,"PCAB",35.5,23.9948666583041,"-0.41_-0.35","865 -0.41_-0.35"
"plot_227",26.4,"PCAB",17.8,48.6299789038354,"-0.41_-0.35","865 -0.41_-0.35"
"plot_179",66.9,"PCAB",37.9,6.19041588253485,"-0.07_0","867 -0.07_0"
"plot_179",48.4,"PCAB",36.8,25.3085938409984,"-0.07_0","867 -0.07_0"
"plot_179",68.7,"PCAB",39.8,0,"-0.07_0","867 -0.07_0"
"plot_179",51.4,"PCAB",37.7,15.6346336259456,"-0.07_0","867 -0.07_0"
"plot_179",35.6,"PCAB",29.4,32.3193855155978,"-0.07_0","867 -0.07_0"
"plot_179",52.2,"PCAB",35.5,12.0606927922539,"-0.07_0","867 -0.07_0"
"plot_179",13.3,"PCAB",10.2,38.5113097553055,"-0.07_0","867 -0.07_0"
"plot_275",49.3,"PCAB",31.1,8.30195853066963,"-0.88_-0.77","869 -0.88_-0.77"
"plot_275",55.4,"PCAB",33.5,4.27640244329087,"-0.88_-0.77","869 -0.88_-0.77"
"plot_275",41,"PCAB",31,16.7230330600742,"-0.88_-0.77","869 -0.88_-0.77"
"plot_275",57.1,"PCAB",33.4,0,"-0.88_-0.77","869 -0.88_-0.77"
"plot_275",35.8,"PCAB",26.4,22.7662726309913,"-0.88_-0.77","869 -0.88_-0.77"
"plot_279",34.7,"PCAB",25.5,29.0253441725194,"-0.98_-0.88","871 -0.98_-0.88"
"plot_279",19.4,"PCAB",18.7,38.9001340751651,"-0.98_-0.88","871 -0.98_-0.88"
"plot_279",21.1,"PCAB",21.4,33.2398024982826,"-0.98_-0.88","871 -0.98_-0.88"
"plot_279",40.3,"PCAB",25.8,11.0168149881943,"-0.98_-0.88","871 -0.98_-0.88"
"plot_279",40.6,"PCAB",33.1,42.1621596831303,"-0.98_-0.88","871 -0.98_-0.88"
"plot_330",41.7,"PCAB",25.6,21.4399585002507,"-1.86_-1.74","879 -1.86_-1.74"
"plot_330",20.4,"PCAB",17.2,29.0267331491714,"-1.86_-1.74","879 -1.86_-1.74"
"plot_330",31.6,"PCAB",23.3,34.8836592325904,"-1.86_-1.74","879 -1.86_-1.74"
"plot_330",46.2,"PCAB",27.4,8.8456253550801,"-1.86_-1.74","879 -1.86_-1.74"
"plot_330",19.5,"PCAB",14.3,30.6609896475688,"-1.86_-1.74","879 -1.86_-1.74"
"plot_338",12.8,"PCAB",11.3,28.9835360145651,"-2.06_-1.86","880 -2.06_-1.86"
"plot_44",43,"PCAB",21.7,14.3819056482485,"1.54_1.63","889 1.54_1.63"
"plot_44",60.3,"PCAB",23.8,0,"1.54_1.63","889 1.54_1.63"
"plot_1",35.8,"PCAB",22.9,71.8311721295332,"2.7_3.19","892 2.7_3.19"
"plot_1",21.6,"PCAB",10.8,64.8516805352406,"2.7_3.19","892 2.7_3.19"
"plot_1",19,"PCAB",12.5,79.7419677387719,"2.7_3.19","892 2.7_3.19"
"plot_1",45,"PCAB",27.4,45.8867254332354,"2.7_3.19","892 2.7_3.19"
"plot_1",69.6,"PCAB",27.4,0,"2.7_3.19","892 2.7_3.19"
"plot_1",51.2,"PCAB",26,30.1037924548382,"2.7_3.19","892 2.7_3.19"
"plot_1",66.4,"PCAB",25.7,12.1365303676727,"2.7_3.19","892 2.7_3.19"
"plot_1",66.4,"PCAB",25.2,12.1365303676727,"2.7_3.19","892 2.7_3.19"
"plot_35",79.3,"PCAB",41.1,0,"1.8_1.9","896 1.8_1.9"
"plot_35",74.3,"PCAB",41.5,16.1259645798001,"1.8_1.9","896 1.8_1.9"
"plot_35",70.4,"PCAB",35.3,30.0345654186811,"1.8_1.9","896 1.8_1.9"
"plot_35",56.9,"PCAB",36,51.5812640061071,"1.8_1.9","896 1.8_1.9"
"plot_35",71.3,"PCAB",35.5,23.3667217005802,"1.8_1.9","896 1.8_1.9"
"plot_35",57.6,"PCAB",28.3,47.2296404464159,"1.8_1.9","896 1.8_1.9"
"plot_35",47.5,"PCAB",36.2,66.1920510154514,"1.8_1.9","896 1.8_1.9"
"plot_35",51.2,"PCAB",37.5,59.539946676545,"1.8_1.9","896 1.8_1.9"
"plot_35",42,"PCAB",34.8,71.6105159292434,"1.8_1.9","896 1.8_1.9"
"plot_35",64,"PCAB",38.1,36.5351388843926,"1.8_1.9","896 1.8_1.9"
"plot_35",77.5,"PCAB",38.8,8.24807738922718,"1.8_1.9","896 1.8_1.9"
"plot_35",63.7,"PCAB",40.5,41.9075136494435,"1.8_1.9","896 1.8_1.9"
"plot_71",38.5,"PCAB",28.3,4.15847514467619,"1.2_1.25","898 1.2_1.25"
"plot_71",37.6,"PCAB",28.5,7.99658834199797,"1.2_1.25","898 1.2_1.25"
"plot_71",38.7,"PCAB",28.9,2.19408257586052,"1.2_1.25","898 1.2_1.25"
"plot_71",40.9,"PCAB",26.8,0,"1.2_1.25","898 1.2_1.25"
"plot_71",30,"PCAB",25.7,9.85089706949754,"1.2_1.25","898 1.2_1.25"
"plot_135",53.2,"PCAB",31.5,0,"0.34_0.38","899 0.34_0.38"
"plot_136",15.5,"PCAB",9.7,17.4644597648161,"0.34_0.38","903 0.34_0.38"
"plot_136",19.9,"PCAB",10.6,5.22800287465511,"0.34_0.38","903 0.34_0.38"
"plot_136",16.2,"PCAB",8.7,16.433860294806,"0.34_0.38","903 0.34_0.38"
"plot_136",17.6,"PCAB",12.3,15.217435619336,"0.34_0.38","903 0.34_0.38"
"plot_136",15.4,"PCAB",11.5,18.4079193085973,"0.34_0.38","903 0.34_0.38"
"plot_95",20.8,"PCAB",14.4,19.7655898719629,"0.82_0.9","906 0.82_0.9"
"plot_215",63.5,"PCAB",36.4,7.04716275668798,"-0.35_-0.31","911 -0.35_-0.31"
"plot_215",58.4,"PCAB",33.3,17.4266799925816,"-0.35_-0.31","911 -0.35_-0.31"
"plot_215",62.3,"PCAB",35,12.3359220697681,"-0.35_-0.31","911 -0.35_-0.31"
"plot_215",14,"PCAB",10.8,47.9757017857199,"-0.35_-0.31","911 -0.35_-0.31"
"plot_215",73.3,"PCAB",40.2,0,"-0.35_-0.31","911 -0.35_-0.31"
"plot_215",31.2,"PCAB",20.4,49.4932481170365,"-0.35_-0.31","911 -0.35_-0.31"
"plot_215",72.3,"PCAB",39.8,21.9000214180435,"-0.35_-0.31","911 -0.35_-0.31"
"plot_200",13.6,"PCAB",15.4,39.2302697136144,"-0.19_-0.17","912 -0.19_-0.17"
"plot_200",46.4,"PCAB",28.1,4.27640244329087,"-0.19_-0.17","912 -0.19_-0.17"
"plot_200",31.4,"PCAB",22.9,29.4597847318684,"-0.19_-0.17","912 -0.19_-0.17"
"plot_200",57.1,"PCAB",27.3,0,"-0.19_-0.17","912 -0.19_-0.17"
"plot_200",22.3,"PCAB",20.9,18.9989677904888,"-0.19_-0.17","912 -0.19_-0.17"
"plot_192",59.2,"PCAB",37.5,4.59673815834662,"-0.17_-0.13","915 -0.17_-0.13"
"plot_192",47,"PCAB",34.3,18.8833333047325,"-0.17_-0.13","915 -0.17_-0.13"
"plot_192",39.8,"PCAB",32.6,24.508010318271,"-0.17_-0.13","915 -0.17_-0.13"
"plot_192",55.4,"PCAB",34.8,28.430119335894,"-0.17_-0.13","915 -0.17_-0.13"
"plot_192",48.4,"PCAB",35.4,12.8639126609964,"-0.17_-0.13","915 -0.17_-0.13"
"plot_289",11.8,"PCAB",9,5.44652012158674,"-1.11_-0.98","917 -1.11_-0.98"
"plot_260",32,"PCAB",21.8,28.408725953861,"-0.7_-0.65","918 -0.7_-0.65"
"plot_260",56.6,"PCAB",35.8,9.26726777281671,"-0.7_-0.65","918 -0.7_-0.65"
"plot_260",57.3,"PCAB",36,4.9608555798617,"-0.7_-0.65","918 -0.7_-0.65"
"plot_260",61.5,"PCAB",30.5,0,"-0.7_-0.65","918 -0.7_-0.65"
"plot_260",43.5,"PCAB",23.5,19.450540239976,"-0.7_-0.65","918 -0.7_-0.65"
"plot_260",42.2,"PCAB",30.2,24.3351122953418,"-0.7_-0.65","918 -0.7_-0.65"
"plot_119",21.9,"PCAB",14.9,27.3689235023315,"0.44_0.5","920 0.44_0.5"
"plot_119",14.3,"PCAB",12.3,39.6395758431286,"0.44_0.5","920 0.44_0.5"
"plot_119",17.1,"PCAB",12,41.0407288369834,"0.44_0.5","920 0.44_0.5"
"plot_119",16.9,"PCAB",11.1,41.614874529381,"0.44_0.5","920 0.44_0.5"
"plot_184",18.2,"PCAB",14.9,47.8698979716953,"-0.13_-0.07","921 -0.13_-0.07"
"plot_184",13.3,"PCAB",8.7,53.7236471980832,"-0.13_-0.07","921 -0.13_-0.07"
"plot_184",38.6,"PCAB",19,29.2257224917877,"-0.13_-0.07","921 -0.13_-0.07"
"plot_184",37.4,"PCAB",17.8,31.1799762771723,"-0.13_-0.07","921 -0.13_-0.07"
"plot_184",25.4,"PCAB",17.3,8.94063300741088,"-0.13_-0.07","921 -0.13_-0.07"
"plot_186",14,"PCAB",8.4,22.7574542589525,"-0.13_-0.07","922 -0.13_-0.07"
"plot_186",26.9,"PCAB",15.1,0,"-0.13_-0.07","922 -0.13_-0.07"
"plot_186",30.6,"PCAB",19.8,16.4734138887924,"-0.13_-0.07","922 -0.13_-0.07"
"plot_186",25.1,"PCAB",19.2,2.84160982508014,"-0.13_-0.07","922 -0.13_-0.07"
"plot_254",47.1,"PCAB",29.9,3.01314078396614,"-0.7_-0.65","923 -0.7_-0.65"
"plot_254",44.9,"PCAB",26.4,8.80788178970097,"-0.7_-0.65","923 -0.7_-0.65"
"plot_254",27.7,"PCAB",15.5,0,"-0.7_-0.65","923 -0.7_-0.65"
"plot_301",32.4,"PCAB",25,14.2963722539628,"-1.34_-1.24","925 -1.34_-1.24"
"plot_301",16.5,"PCAB",19,16.8615893912293,"-1.34_-1.24","925 -1.34_-1.24"
"plot_301",36.6,"PCAB",23.7,9.29485661118201,"-1.34_-1.24","925 -1.34_-1.24"
"plot_301",28.3,"PCAB",21.4,0,"-1.34_-1.24","925 -1.34_-1.24"
"plot_301",31.1,"PCAB",24.6,20.1928350845778,"-1.34_-1.24","925 -1.34_-1.24"
"plot_309",60.4,"PCAB",32.7,0,"-1.47_-1.34","927 -1.47_-1.34"
"plot_309",46.2,"PCAB",34.4,11.2550813861038,"-1.47_-1.34","927 -1.47_-1.34"
"plot_309",45.5,"PCAB",32.6,16.8332263858943,"-1.47_-1.34","927 -1.47_-1.34"
"plot_23",15.5,"PCAB",11.3,28.2980398692332,"2.01_2.13","939 2.01_2.13"
"plot_3",29.8,"PCAB",13.6,0,"2.7_3.19","946 2.7_3.19"
"plot_3",48,"PCAB",19.7,3.48732492511735,"2.7_3.19","946 2.7_3.19"
"plot_3",44.2,"PCAB",21.9,27.5973954353647,"2.7_3.19","946 2.7_3.19"
"plot_3",39.5,"PCAB",18.4,27.5973954353647,"2.7_3.19","946 2.7_3.19"
"plot_32",69.2,"PCAB",30.6,0,"1.9_2.01","947 1.9_2.01"
"plot_32",51.8,"PCAB",29.4,10.6173786039703,"1.9_2.01","947 1.9_2.01"
"plot_32",57.5,"PCAB",34.5,6.2808517321565,"1.9_2.01","947 1.9_2.01"
"plot_32",51.7,"PCAB",32.1,14.1367562564544,"1.9_2.01","947 1.9_2.01"
"plot_84",35.3,"PCAB",35.6,57.4308042837374,"0.98_1.06","948 0.98_1.06"
"plot_84",45,"PCAB",40.7,46.0863450578778,"0.98_1.06","948 0.98_1.06"
"plot_84",56.9,"PCAB",37.1,22.0647996020604,"0.98_1.06","948 0.98_1.06"
"plot_84",66.2,"PCAB",40.7,5.92304317846854,"0.98_1.06","948 0.98_1.06"
"plot_84",65.3,"PCAB",40.7,11.6711169248917,"0.98_1.06","948 0.98_1.06"
"plot_84",55.6,"PCAB",39.7,26.3112972248818,"0.98_1.06","948 0.98_1.06"
"plot_84",67.2,"PCAB",34.3,0,"0.98_1.06","948 0.98_1.06"
"plot_84",48,"PCAB",39.1,37.3417296035127,"0.98_1.06","948 0.98_1.06"
"plot_84",60.5,"PCAB",37.6,17.2639610440093,"0.98_1.06","948 0.98_1.06"
"plot_80",39.7,"PCAB",15.4,14.8390870972594,"0.98_1.06","949 0.98_1.06"
"plot_80",31.6,"PCAB",19.5,22.413455204092,"0.98_1.06","949 0.98_1.06"
"plot_51",29.4,"PCAB",19,3.89582425436822,"1.54_1.63","954 1.54_1.63"
"plot_51",16.1,"PCAB",14.6,48.8107685289706,"1.54_1.63","954 1.54_1.63"
"plot_51",46.9,"PCAB",31.4,13.1912822449239,"1.54_1.63","954 1.54_1.63"
"plot_51",36.4,"PCAB",25.6,39.6256876474052,"1.54_1.63","954 1.54_1.63"
"plot_51",54.5,"PCAB",18.4,0,"1.54_1.63","954 1.54_1.63"
"plot_27",43.2,"PCAB",34.9,40.3882513016797,"2.01_2.13","955 2.01_2.13"
"plot_27",34,"PCAB",28.5,64.721075496552,"2.01_2.13","955 2.01_2.13"
"plot_27",20,"PCAB",20,61.580066236718,"2.01_2.13","955 2.01_2.13"
"plot_27",50.8,"PCAB",33.6,8.00464165768581,"2.01_2.13","955 2.01_2.13"
"plot_27",50.6,"PCAB",30.1,11.3894476180571,"2.01_2.13","955 2.01_2.13"
"plot_38",28,"PCAB",23.3,6.4919834089188,"1.63_1.8","956 1.63_1.8"
"plot_38",39.6,"PCAB",32.9,23.0974011305289,"1.63_1.8","956 1.63_1.8"
"plot_38",19.6,"PCAB",22.8,32.1330901707974,"1.63_1.8","956 1.63_1.8"
"plot_38",40.3,"PCAB",25.5,16.7836347750611,"1.63_1.8","956 1.63_1.8"
"plot_38",42.5,"PCAB",32.2,12.2458496238767,"1.63_1.8","956 1.63_1.8"
"plot_24",71.6,"PCAB",35.3,15.2715261479288,"2.01_2.13","957 2.01_2.13"
"plot_24",47,"PCAB",28.8,70.0340824071307,"2.01_2.13","957 2.01_2.13"
"plot_24",36.7,"PCAB",19.4,91.8043571481384,"2.01_2.13","957 2.01_2.13"
"plot_24",27.6,"PCAB",19.5,67.0426578823825,"2.01_2.13","957 2.01_2.13"
"plot_24",59.2,"PCAB",37.8,26.9564543780637,"2.01_2.13","957 2.01_2.13"
"plot_24",53.7,"PCAB",31.1,44.0239486212778,"2.01_2.13","957 2.01_2.13"
"plot_24",11.4,"PCAB",9.1,98.9515633338313,"2.01_2.13","957 2.01_2.13"
"plot_24",72.3,"PCAB",35.2,8.41533452546723,"2.01_2.13","957 2.01_2.13"
"plot_24",80.1,"PCAB",37.2,0,"2.01_2.13","957 2.01_2.13"
"plot_101",34.9,"PCAB",28.5,8.36027057439071,"0.68_0.82","960 0.68_0.82"
"plot_101",36.2,"PCAB",26.4,6.64147790175564,"0.68_0.82","960 0.68_0.82"
"plot_101",36.3,"PCAB",26.3,4.91317602085725,"0.68_0.82","960 0.68_0.82"
"plot_122",16.3,"PCAB",20.3,43.9931354878324,"0.44_0.5","961 0.44_0.5"
"plot_122",34.9,"PCAB",33.4,33.320469094309,"0.44_0.5","961 0.44_0.5"
"plot_122",45.7,"PCAB",35.3,6.29169116928918,"0.44_0.5","961 0.44_0.5"
"plot_122",42.2,"PCAB",31.6,13.7069323460497,"0.44_0.5","961 0.44_0.5"
"plot_122",24.4,"PCAB",23.9,11.3689590932482,"0.44_0.5","961 0.44_0.5"
"plot_172",49,"PCAB",31.5,0,"0.03_0.12","963 0.03_0.12"
"plot_172",30.6,"PCAB",22.6,29.8473477415475,"0.03_0.12","963 0.03_0.12"
"plot_172",22.2,"PCAB",19.3,15.830274109333,"0.03_0.12","963 0.03_0.12"
"plot_172",50.4,"PCAB",34.6,21.2788472617189,"0.03_0.12","963 0.03_0.12"
"plot_172",56.6,"PCAB",31.5,13.7293555421545,"0.03_0.12","963 0.03_0.12"
"plot_266",62.7,"PCAB",42.1,31.7345757654774,"-0.77_-0.7","970 -0.77_-0.7"
"plot_266",72.6,"PCAB",40.8,7.31892937077942,"-0.77_-0.7","970 -0.77_-0.7"
"plot_266",67.9,"PCAB",46.4,20.5311544933498,"-0.77_-0.7","970 -0.77_-0.7"
"plot_266",39.2,"PCAB",28.5,51.5369322853139,"-0.77_-0.7","970 -0.77_-0.7"
"plot_266",74.7,"PCAB",43.4,0,"-0.77_-0.7","970 -0.77_-0.7"
"plot_266",55.3,"PCAB",40.3,36.8909144349346,"-0.77_-0.7","970 -0.77_-0.7"
"plot_266",25.9,"PCAB",23.6,46.4286240907606,"-0.77_-0.7","970 -0.77_-0.7"
"plot_266",69.3,"PCAB",39.8,14.232136894373,"-0.77_-0.7","970 -0.77_-0.7"
"plot_266",45.8,"PCAB",34.2,43.6773281429673,"-0.77_-0.7","970 -0.77_-0.7"
"plot_266",62.7,"PCAB",41,31.7345757654774,"-0.77_-0.7","970 -0.77_-0.7"
"plot_324",35.4,"PCAB",22.9,10.9872604553056,"-1.74_-1.47","971 -1.74_-1.47"
"plot_324",42.3,"PCAB",25.9,5.29701581127285,"-1.74_-1.47","971 -1.74_-1.47"
"plot_219",19.9,"PCAB",14.4,40.4543250427505,"-0.35_-0.31","973 -0.35_-0.31"
"plot_219",50,"PCAB",27.6,18.8010294676947,"-0.35_-0.31","973 -0.35_-0.31"
"plot_219",55.4,"PCAB",29.5,0,"-0.35_-0.31","973 -0.35_-0.31"
"plot_219",21.9,"PCAB",20.1,33.2042465024079,"-0.35_-0.31","973 -0.35_-0.31"
"plot_219",39.8,"PCAB",27.3,31.1265959841386,"-0.35_-0.31","973 -0.35_-0.31"
"plot_22",33.5,"PCAB",22.3,12.5254405315515,"2.01_2.13","989 2.01_2.13"
"plot_22",23.1,"PCAB",19.8,4.92004825478698,"2.01_2.13","989 2.01_2.13"
"plot_22",30,"PCAB",25,16.4881024052443,"2.01_2.13","989 2.01_2.13"
"plot_22",37.9,"PCAB",26.6,8.96978361002409,"2.01_2.13","989 2.01_2.13"
"plot_22",35.7,"PCAB",26.7,10.8538004157533,"2.01_2.13","989 2.01_2.13"
"plot_93",24.5,"PCAB",23.3,21.1195069389659,"0.82_0.9","995 0.82_0.9"
"plot_93",16.5,"PCAB",18.5,57.3053955963774,"0.82_0.9","995 0.82_0.9"
"plot_93",31,"PCAB",25.7,49.3139026820441,"0.82_0.9","995 0.82_0.9"
"plot_93",48.3,"PCAB",16.7,0,"0.82_0.9","995 0.82_0.9"
"plot_93",42.8,"PCAB",28.7,13.4793980213439,"0.82_0.9","995 0.82_0.9"
"plot_39",37.7,"PCAB",32.6,56.5757878773577,"1.63_1.8","996 1.63_1.8"
"plot_39",50.8,"PCAB",31.2,23.9733173747357,"1.63_1.8","996 1.63_1.8"
"plot_39",40.9,"PCAB",35.2,46.0808747596698,"1.63_1.8","996 1.63_1.8"
"plot_39",12.7,"PCAB",13.8,68.6956607353828,"1.63_1.8","996 1.63_1.8"
"plot_39",65.2,"PCAB",34.2,0,"1.63_1.8","996 1.63_1.8"
"plot_39",29.3,"PCAB",28.9,27.3581233351069,"1.63_1.8","996 1.63_1.8"
"plot_39",64.4,"PCAB",36.8,5.57572754424358,"1.63_1.8","996 1.63_1.8"
"plot_55",16.7,"PCAB",9.9,4.72224572733533,"1.44_1.54","997 1.44_1.54"
"plot_55",23.7,"PCAB",13.1,0,"1.44_1.54","997 1.44_1.54"
"plot_14",56.8,"PCAB",22.5,7.45674075177646,"2.13_2.35","999 2.13_2.35"
"plot_14",45.1,"PCAB",22,21.3245032423553,"2.13_2.35","999 2.13_2.35"
"plot_14",13.7,"PCAB",10,69.705808908457,"2.13_2.35","999 2.13_2.35"
"plot_14",31.7,"PCAB",24,64.8518156237247,"2.13_2.35","999 2.13_2.35"
"plot_14",29,"PCAB",18.4,15.0998357532156,"2.13_2.35","999 2.13_2.35"
"plot_5",75.9,"PCAB",39,10.2961247584615,"2.7_3.19","1004 2.7_3.19"
"plot_5",62,"PCAB",37.3,17.8520891799099,"2.7_3.19","1004 2.7_3.19"
"plot_5",76.8,"PCAB",37.7,29.2594796902487,"2.7_3.19","1004 2.7_3.19"
"plot_5",63.2,"PCAB",34.3,29.2594796902487,"2.7_3.19","1004 2.7_3.19"
"plot_5",44.5,"PCAB",30.8,26.6621542194255,"2.7_3.19","1004 2.7_3.19"
"plot_88",20.9,"PCAB",14.7,22.8378631265716,"0.9_0.98","1006 0.9_0.98"
"plot_88",61.1,"PCAB",34.4,0,"0.9_0.98","1006 0.9_0.98"
"plot_88",52,"PCAB",27.7,4.89653398355357,"0.9_0.98","1006 0.9_0.98"
"plot_88",16.7,"PCAB",12,26.016585478336,"0.9_0.98","1006 0.9_0.98"
"plot_88",32.8,"PCAB",24.9,27.1117839472856,"0.9_0.98","1006 0.9_0.98"
"plot_88",55.9,"PCAB",33.1,18.9832694876183,"0.9_0.98","1006 0.9_0.98"
"plot_76",55.5,"PCAB",32.6,4.06927221309145,"1.06_1.2","1007 1.06_1.2"
"plot_76",38.4,"PCAB",29,54.805265975708,"1.06_1.2","1007 1.06_1.2"
"plot_76",42.3,"PCAB",33.5,46.2877041823726,"1.06_1.2","1007 1.06_1.2"
"plot_76",12.3,"PCAB",12,66.8265640992938,"1.06_1.2","1007 1.06_1.2"
"plot_76",21.6,"PCAB",19.3,56.7393208911263,"1.06_1.2","1007 1.06_1.2"
"plot_53",19.9,"PCAB",10.6,12.8997721347214,"1.44_1.54","1008 1.44_1.54"
"plot_53",17.7,"PCAB",11.8,18.8161764995944,"1.44_1.54","1008 1.44_1.54"
"plot_53",23.7,"PCAB",13.2,8.61664252054157,"1.44_1.54","1008 1.44_1.54"
"plot_53",28,"PCAB",13,0,"1.44_1.54","1008 1.44_1.54"
"plot_53",31,"PCAB",15.6,22.8170732837573,"1.44_1.54","1008 1.44_1.54"
"plot_134",44.2,"PCAB",31.1,8.46327405126377,"0.34_0.38","1009 0.34_0.38"
"plot_134",57,"PCAB",32.8,0,"0.34_0.38","1009 0.34_0.38"
"plot_134",31.1,"PCAB",26.7,31.6133563133812,"0.34_0.38","1009 0.34_0.38"
"plot_134",40.4,"PCAB",28.9,20.0750928650403,"0.34_0.38","1009 0.34_0.38"
"plot_134",56.6,"PCAB",35.4,4.26143691690678,"0.34_0.38","1009 0.34_0.38"
"plot_244",36.3,"PCAB",33,39.8806420676809,"-0.56_-0.51","1010 -0.56_-0.51"
"plot_244",39.4,"PCAB",30.2,35.9505715474153,"-0.56_-0.51","1010 -0.56_-0.51"
"plot_244",44.4,"PCAB",33.9,26.5481158590868,"-0.56_-0.51","1010 -0.56_-0.51"
"plot_244",49.7,"PCAB",36.6,14.9498001210442,"-0.56_-0.51","1010 -0.56_-0.51"
"plot_244",71.4,"PCAB",41,0,"-0.56_-0.51","1010 -0.56_-0.51"
"plot_244",61.4,"PCAB",41.2,6.686560463193,"-0.56_-0.51","1010 -0.56_-0.51"
"plot_244",50.3,"PCAB",34.4,11.6312962955297,"-0.56_-0.51","1010 -0.56_-0.51"
"plot_244",63.7,"PCAB",40.2,23.8870524606006,"-0.56_-0.51","1010 -0.56_-0.51"
"plot_124",37.4,"PCAB",25.2,4.86453057919145,"0.38_0.44","1011 0.38_0.44"
"plot_124",11.5,"PCAB",7.3,8.63904133003341,"0.38_0.44","1011 0.38_0.44"
"plot_124",10.1,"PCAB",7.4,9.38271521600037,"0.38_0.44","1011 0.38_0.44"
"plot_124",13.8,"PCAB",10,7.61158345267687,"0.38_0.44","1011 0.38_0.44"
"plot_124",37.3,"PCAB",24.6,6.69916508269792,"0.38_0.44","1011 0.38_0.44"
"plot_183",19.5,"PCAB",16.4,27.645157147017,"-0.07_0","1012 -0.07_0"
"plot_183",43.4,"PCAB",28.6,20.3802138468747,"-0.07_0","1012 -0.07_0"
"plot_183",48.8,"PCAB",30.1,14.4571182038088,"-0.07_0","1012 -0.07_0"
"plot_183",54.3,"PCAB",32.4,3.93883210801715,"-0.07_0","1012 -0.07_0"
"plot_183",33.5,"PCAB",28.4,29.1383954051764,"-0.07_0","1012 -0.07_0"
"plot_228",16.8,"PCAB",13.9,45.0608879823425,"-0.45_-0.41","1013 -0.45_-0.41"
"plot_228",14.9,"PCAB",12.5,47.1620244189716,"-0.45_-0.41","1013 -0.45_-0.41"
"plot_228",25.7,"PCAB",23.5,17.4755986742685,"-0.45_-0.41","1013 -0.45_-0.41"
"plot_228",26.3,"PCAB",23.1,50.7633695224602,"-0.45_-0.41","1013 -0.45_-0.41"
"plot_228",47.3,"PCAB",27.3,9.26576522759032,"-0.45_-0.41","1013 -0.45_-0.41"
"plot_220",22.6,"PCAB",16.5,22.7402646420493,"-0.35_-0.31","1015 -0.35_-0.31"
"plot_220",54.5,"PCAB",26.8,5.47357897327137,"-0.35_-0.31","1015 -0.35_-0.31"
"plot_220",45.4,"PCAB",28.1,15.321757072867,"-0.35_-0.31","1015 -0.35_-0.31"
"plot_220",31.9,"PCAB",20.2,28.0599271737443,"-0.35_-0.31","1015 -0.35_-0.31"
"plot_220",64.6,"PCAB",28.6,0,"-0.35_-0.31","1015 -0.35_-0.31"
"plot_220",17.2,"PCAB",12.1,31.786373402672,"-0.35_-0.31","1015 -0.35_-0.31"
"plot_311",14.3,"PCAB",13,6.2283422100666,"-1.47_-1.34","1016 -1.47_-1.34"
"plot_311",37.4,"PCAB",17,5.22863119318583,"-1.47_-1.34","1016 -1.47_-1.34"
"plot_311",10.6,"PCAB",8.6,7.66022123671058,"-1.47_-1.34","1016 -1.47_-1.34"
"plot_210",59.5,"PCAB",36.1,0,"-0.31_-0.28","1017 -0.31_-0.28"
"plot_210",19.2,"PCAB",21.3,24.6276086300181,"-0.31_-0.28","1017 -0.31_-0.28"
"plot_210",22.2,"PCAB",23,19.7014827286233,"-0.31_-0.28","1017 -0.31_-0.28"
"plot_210",22.9,"PCAB",20,15.6363796446026,"-0.31_-0.28","1017 -0.31_-0.28"
"plot_210",34.3,"PCAB",26.9,21.6368608828673,"-0.31_-0.28","1017 -0.31_-0.28"
"plot_191",61,"PCAB",34.9,5.52453521341352,"-0.17_-0.13","1018 -0.17_-0.13"
"plot_191",49,"PCAB",31.7,22.1199923584357,"-0.17_-0.13","1018 -0.17_-0.13"
"plot_191",53.1,"PCAB",34.1,14.8478089438639,"-0.17_-0.13","1018 -0.17_-0.13"
"plot_191",52.2,"PCAB",34.8,18.5460515247441,"-0.17_-0.13","1018 -0.17_-0.13"
"plot_191",48.2,"PCAB",36.1,25.2691798122656,"-0.17_-0.13","1018 -0.17_-0.13"
"plot_191",33.6,"PCAB",28.8,28.3163760889152,"-0.17_-0.13","1018 -0.17_-0.13"
"plot_230",38.1,"PCAB",35.9,60.7070834546515,"-0.45_-0.41","1019 -0.45_-0.41"
"plot_230",66.3,"PCAB",39.3,7.06640414775324,"-0.45_-0.41","1019 -0.45_-0.41"
"plot_230",61.8,"PCAB",34.5,22.9647248398037,"-0.45_-0.41","1019 -0.45_-0.41"
"plot_230",49.9,"PCAB",35.9,48.2032784433867,"-0.45_-0.41","1019 -0.45_-0.41"
"plot_230",54.7,"PCAB",35.5,36.7703639064542,"-0.45_-0.41","1019 -0.45_-0.41"
"plot_230",57,"PCAB",34.6,32.5089269895474,"-0.45_-0.41","1019 -0.45_-0.41"
"plot_230",62.5,"PCAB",33.1,12.831856792037,"-0.45_-0.41","1019 -0.45_-0.41"
"plot_230",18.7,"PCAB",18.9,67.6905935386471,"-0.45_-0.41","1019 -0.45_-0.41"
"plot_230",61.8,"PCAB",40.3,22.9647248398037,"-0.45_-0.41","1019 -0.45_-0.41"
"plot_182",24.2,"PCAB",24,49.8953458229371,"-0.07_0","1020 -0.07_0"
"plot_182",43.2,"PCAB",32.5,47.4475575706109,"-0.07_0","1020 -0.07_0"
"plot_182",39.2,"PCAB",33.7,56.5150349732244,"-0.07_0","1020 -0.07_0"
"plot_182",54.1,"PCAB",35.2,21.9164428370031,"-0.07_0","1020 -0.07_0"
"plot_182",15.9,"PCAB",14.9,73.4835759593543,"-0.07_0","1020 -0.07_0"
"plot_207",39.3,"PCAB",25.6,22.850989682426,"-0.28_-0.19","1021 -0.28_-0.19"
"plot_207",27.9,"PCAB",21.6,0,"-0.28_-0.19","1021 -0.28_-0.19"
"plot_207",26.3,"PCAB",22.2,6.06619133998587,"-0.28_-0.19","1021 -0.28_-0.19"
"plot_207",19.6,"PCAB",17,36.7932990250819,"-0.28_-0.19","1021 -0.28_-0.19"
"plot_207",44.9,"PCAB",24.9,8.78245161818778,"-0.28_-0.19","1021 -0.28_-0.19"
"plot_161",10.4,"PCAB",12.8,69.5431709344353,"0.12_0.19","1022 0.12_0.19"
"plot_161",33.3,"PCAB",28.1,50.5458567212397,"0.12_0.19","1022 0.12_0.19"
"plot_224",44.3,"PCAB",24.9,21.2917328574167,"-0.41_-0.35","1023 -0.41_-0.35"
"plot_224",14.4,"PCAB",11.7,40.7050788394891,"-0.41_-0.35","1023 -0.41_-0.35"
"plot_224",15.1,"PCAB",9.9,39.8096856633078,"-0.41_-0.35","1023 -0.41_-0.35"
"plot_224",12.1,"PCAB",8,43.4009215928761,"-0.41_-0.35","1023 -0.41_-0.35"
"plot_224",12.9,"PCAB",8.8,43.0741763219486,"-0.41_-0.35","1023 -0.41_-0.35"
"plot_353",38,"PCAB",33.2,29.4448835295939,"-2.66_-2.06","1034 -2.66_-2.06"
"plot_353",61.4,"PCAB",33.3,0,"-2.66_-2.06","1034 -2.66_-2.06"
"plot_353",44.1,"PCAB",35.4,20.5466910827385,"-2.66_-2.06","1034 -2.66_-2.06"
"plot_353",46.4,"PCAB",32.6,17.7228365968587,"-2.66_-2.06","1034 -2.66_-2.06"
"plot_353",51.8,"PCAB",31.9,4.94473583233668,"-2.66_-2.06","1034 -2.66_-2.06"
"plot_353",30,"PCAB",29.3,37.2731778526965,"-2.66_-2.06","1034 -2.66_-2.06"
"plot_68",14,"PCAB",8,19.8665384723512,"1.2_1.25","1038 1.2_1.25"
"plot_68",28.1,"PCAB",12.7,0,"1.2_1.25","1038 1.2_1.25"
"plot_68",23.8,"PCAB",15,8.32734110705413,"1.2_1.25","1038 1.2_1.25"
"plot_68",30.4,"PCAB",19.3,15.9076234191367,"1.2_1.25","1038 1.2_1.25"
"plot_68",36.6,"PCAB",21.5,12.6110990397647,"1.2_1.25","1038 1.2_1.25"
"plot_73",55.3,"PCAB",37.5,4.6903874645538,"1.06_1.2","1039 1.06_1.2"
"plot_52",29.1,"PCAB",18.8,0,"1.44_1.54","1042 1.44_1.54"
"plot_72",17.9,"PCAB",11.2,2.71634015319512,"1.06_1.2","1044 1.06_1.2"
"plot_72",41.9,"PCAB",26.6,0,"1.06_1.2","1044 1.06_1.2"
"plot_72",10,"PCAB",6.5,6.52014126825347,"1.06_1.2","1044 1.06_1.2"
"plot_72",11.7,"PCAB",8.8,5.57621048557425,"1.06_1.2","1044 1.06_1.2"
"plot_72",11,"PCAB",7.9,5.84499337204294,"1.06_1.2","1044 1.06_1.2"
"plot_61",13.3,"PCAB",15,51.3767512330969,"1.25_1.44","1045 1.25_1.44"
"plot_61",22.7,"PCAB",20.2,16.5383471531902,"1.25_1.44","1045 1.25_1.44"
"plot_61",44.2,"PCAB",26,0,"1.25_1.44","1045 1.25_1.44"
"plot_61",40.8,"PCAB",25.3,12.1862997926501,"1.25_1.44","1045 1.25_1.44"
"plot_61",30.4,"PCAB",19.9,57.2238341569536,"1.25_1.44","1045 1.25_1.44"
"plot_123",47.2,"PCAB",33.2,3.16205439632134,"0.44_0.5","1046 0.44_0.5"
"plot_123",45.2,"PCAB",33.3,6.08412260837477,"0.44_0.5","1046 0.44_0.5"
"plot_123",45.1,"PCAB",35.5,8.76380438083313,"0.44_0.5","1046 0.44_0.5"
"plot_123",49.1,"PCAB",31.9,0,"0.44_0.5","1046 0.44_0.5"
"plot_261",39.2,"PCAB",30.3,5.61517212496499,"-0.7_-0.65","1047 -0.7_-0.65"
"plot_261",18.6,"PCAB",17.7,9.57479332966819,"-0.7_-0.65","1047 -0.7_-0.65"
"plot_261",37.8,"PCAB",27.8,15.5210178883586,"-0.7_-0.65","1047 -0.7_-0.65"
"plot_261",42.4,"PCAB",33.1,3.2572032632419,"-0.7_-0.65","1047 -0.7_-0.65"
"plot_261",21.9,"PCAB",16.4,10.9333750727131,"-0.7_-0.65","1047 -0.7_-0.65"
"plot_152",35.9,"PCAB",26.6,7.33230030327236,"0.19_0.24","1049 0.19_0.24"
"plot_152",14.1,"PCAB",12.4,22.2885706914663,"0.19_0.24","1049 0.19_0.24"
"plot_152",40.4,"PCAB",28.6,3.14508767541691,"0.19_0.24","1049 0.19_0.24"
"plot_152",44,"PCAB",32.9,26.9396761134486,"0.19_0.24","1049 0.19_0.24"
"plot_152",23.8,"PCAB",18.5,26.9396761134486,"0.19_0.24","1049 0.19_0.24"
"plot_194",36.4,"PCAB",26.7,34.340983659202,"-0.17_-0.13","1050 -0.17_-0.13"
"plot_194",47.3,"PCAB",31.2,0,"-0.17_-0.13","1050 -0.17_-0.13"
"plot_194",41.5,"PCAB",30.8,13.3483678466295,"-0.17_-0.13","1050 -0.17_-0.13"
"plot_194",17.2,"PCAB",17.4,58.4200650282754,"-0.17_-0.13","1050 -0.17_-0.13"
"plot_194",27.4,"PCAB",26.6,4.95520094870468,"-0.17_-0.13","1050 -0.17_-0.13"
"plot_181",25.3,"PCAB",21.1,9.10068340864342,"-0.07_0","1051 -0.07_0"
"plot_181",19.7,"PCAB",18,16.8000201442449,"-0.07_0","1051 -0.07_0"
"plot_181",21.6,"PCAB",21.6,11.6143109606888,"-0.07_0","1051 -0.07_0"
"plot_181",14,"PCAB",16.7,26.2832028257187,"-0.07_0","1051 -0.07_0"
"plot_181",30.3,"PCAB",22.4,29.0215120578005,"-0.07_0","1051 -0.07_0"
"plot_256",15.5,"PCAB",20.9,48.5172376678335,"-0.7_-0.65","1052 -0.7_-0.65"
"plot_256",26.7,"PCAB",26,20.8646057294158,"-0.7_-0.65","1052 -0.7_-0.65"
"plot_256",33.4,"PCAB",28.2,38.1586340927746,"-0.7_-0.65","1052 -0.7_-0.65"
"plot_256",44.5,"PCAB",31.3,26.3597617893505,"-0.7_-0.65","1052 -0.7_-0.65"
"plot_256",56.8,"PCAB",32.1,4.76914994127287,"-0.7_-0.65","1052 -0.7_-0.65"
"plot_256",60.3,"PCAB",33.9,0,"-0.7_-0.65","1052 -0.7_-0.65"
"plot_140",12.6,"PCAB",10.9,38.0534502327902,"0.27_0.34","1054 0.27_0.34"
"plot_140",49.8,"PCAB",25.6,3.37128234647538,"0.27_0.34","1054 0.27_0.34"
"plot_140",27.8,"PCAB",15.8,6.62413984459956,"0.27_0.34","1054 0.27_0.34"
"plot_140",36.8,"PCAB",26.9,22.3860030250071,"0.27_0.34","1054 0.27_0.34"
"plot_140",43.5,"PCAB",26.3,9.65907542759998,"0.27_0.34","1054 0.27_0.34"
"plot_65",37.1,"PCAB",26.6,26.6948931491676,"1.25_1.44","1056 1.25_1.44"
"plot_65",23.3,"PCAB",20.3,18.5879728585737,"1.25_1.44","1056 1.25_1.44"
"plot_65",29.6,"PCAB",24.8,0,"1.25_1.44","1056 1.25_1.44"
"plot_65",43.5,"PCAB",27.7,9.30450012253129,"1.25_1.44","1056 1.25_1.44"
"plot_65",41.2,"PCAB",28.6,16.3615852069165,"1.25_1.44","1056 1.25_1.44"
"plot_79",47.2,"PCAB",28.4,12.6922091501339,"0.98_1.06","1057 0.98_1.06"
"plot_79",36.8,"PCAB",25.9,33.2767070228037,"0.98_1.06","1057 0.98_1.06"
"plot_79",41.1,"PCAB",26.5,31.0611139620441,"0.98_1.06","1057 0.98_1.06"
"plot_79",31.7,"PCAB",25.4,41.4972273822912,"0.98_1.06","1057 0.98_1.06"
"plot_79",54.1,"PCAB",27,0,"0.98_1.06","1057 0.98_1.06"
"plot_87",41.7,"PCAB",24,22.5345830787623,"0.9_0.98","1058 0.9_0.98"
"plot_87",53.3,"PCAB",26.3,4.7060874953003,"0.9_0.98","1058 0.9_0.98"
"plot_87",59.9,"PCAB",27.8,0,"0.9_0.98","1058 0.9_0.98"
"plot_155",33.1,"PCAB",22.3,41.1482767847095,"0.19_0.24","1059 0.19_0.24"
"plot_155",21.7,"PCAB",19.6,24.9554089262984,"0.19_0.24","1059 0.19_0.24"
"plot_155",46,"PCAB",25.8,13.3188683701521,"0.19_0.24","1059 0.19_0.24"
"plot_155",54.4,"PCAB",27.3,0,"0.19_0.24","1059 0.19_0.24"
"plot_155",48.1,"PCAB",25.8,10.2843029453061,"0.19_0.24","1059 0.19_0.24"
"plot_283",20.3,"PCAB",15.9,32.090536669986,"-1.11_-0.98","1064 -1.11_-0.98"
"plot_283",20.7,"PCAB",19.3,30.4078603748151,"-1.11_-0.98","1064 -1.11_-0.98"
"plot_283",34.4,"PCAB",26.6,33.7088103157583,"-1.11_-0.98","1064 -1.11_-0.98"
"plot_283",13.1,"PCAB",12.2,40.090678231815,"-1.11_-0.98","1064 -1.11_-0.98"
"plot_283",36.2,"PCAB",26.2,26.9986452605431,"-1.11_-0.98","1064 -1.11_-0.98"
"plot_335",45.6,"PCAB",29.1,10.327262496968,"-2.06_-1.86","1067 -2.06_-1.86"
"plot_335",41.1,"PCAB",28.5,13.0545821237883,"-2.06_-1.86","1067 -2.06_-1.86"
"plot_57",62.2,"PCAB",34,3.23462306604422,"1.44_1.54","1075 1.44_1.54"
"plot_31",53.3,"PCAB",26.6,3.75416984161786,"1.9_2.01","1076 1.9_2.01"
"plot_31",41.8,"PCAB",24.1,26.936714966023,"1.9_2.01","1076 1.9_2.01"
"plot_31",39.4,"PCAB",21.4,33.3651524378599,"1.9_2.01","1076 1.9_2.01"
"plot_31",20.5,"PCAB",13.3,39.0244924495611,"1.9_2.01","1076 1.9_2.01"
"plot_31",18,"PCAB",17.5,47.6678135319966,"1.9_2.01","1076 1.9_2.01"
"plot_7",72.2,"PCAB",25.6,0,"2.35_2.7","1078 2.35_2.7"
"plot_7",43.5,"PCAB",20.5,26.9163610584593,"2.35_2.7","1078 2.35_2.7"
"plot_117",42.5,"PCAB",30.6,15.6112344155431,"0.44_0.5","1081 0.44_0.5"
"plot_163",38.9,"PCAB",27.8,34.9637717302126,"0.12_0.19","1083 0.12_0.19"
"plot_163",37.1,"PCAB",28.3,41.1403697494296,"0.12_0.19","1083 0.12_0.19"
"plot_163",55,"PCAB",32.6,10.0539088288077,"0.12_0.19","1083 0.12_0.19"
"plot_174",44.3,"PCAB",32.7,16.3134205860064,"0_0.03","1084 0_0.03"
"plot_174",30,"PCAB",25,30.7208997409329,"0_0.03","1084 0_0.03"
"plot_174",52.1,"PCAB",37.2,9.50030239794039,"0_0.03","1084 0_0.03"
"plot_177",45.1,"PCAB",34.5,42.8913822428907,"0_0.03","1087 0_0.03"
"plot_177",22.3,"PCAB",15.1,50.1694152244437,"0_0.03","1087 0_0.03"
"plot_177",14.7,"PCAB",10.4,55.8435546508175,"0_0.03","1087 0_0.03"
"plot_177",51.4,"PCAB",36.4,33.1149062046844,"0_0.03","1087 0_0.03"
"plot_177",58,"PCAB",39.5,24.6187368509042,"0_0.03","1087 0_0.03"
"plot_177",67.7,"PCAB",39.3,8.79780143989322,"0_0.03","1087 0_0.03"
"plot_177",61.5,"PCAB",36.8,14.8093130455841,"0_0.03","1087 0_0.03"
"plot_177",60.8,"PCAB",39.3,19.7701686254458,"0_0.03","1087 0_0.03"
"plot_42",31.7,"PCAB",14.8,22.079061882929,"1.63_1.8","1088 1.63_1.8"
"plot_42",22,"PCAB",13.1,14.0843489146656,"1.63_1.8","1088 1.63_1.8"
"plot_42",28,"PCAB",15.6,0,"1.63_1.8","1088 1.63_1.8"
"plot_42",32.1,"PCAB",18.2,20.7275607399466,"1.63_1.8","1088 1.63_1.8"
"plot_42",16.5,"PCAB",10.8,24.5775440524109,"1.63_1.8","1088 1.63_1.8"
"plot_106",19.3,"PCAB",17.6,43.3150592345696,"0.5_0.68","1089 0.5_0.68"
"plot_106",37.4,"PCAB",20.5,33.1921161063141,"0.5_0.68","1089 0.5_0.68"
"plot_106",49.2,"PCAB",26.6,3.83884770168419,"0.5_0.68","1089 0.5_0.68"
"plot_106",25.2,"PCAB",19.2,15.0602644092306,"0.5_0.68","1089 0.5_0.68"
"plot_106",54.1,"PCAB",27.2,0,"0.5_0.68","1089 0.5_0.68"
"plot_162",71.4,"PCAB",43.2,22.1163985335197,"0.12_0.19","1090 0.12_0.19"
"plot_162",71.4,"PCAB",43.2,22.1163985335197,"0.12_0.19","1090 0.12_0.19"
"plot_162",80.4,"PCAB",45.4,0,"0.12_0.19","1090 0.12_0.19"
"plot_162",55,"PCAB",40.6,39.8659063095295,"0.12_0.19","1090 0.12_0.19"
"plot_162",72.8,"PCAB",43.4,8.47848878448511,"0.12_0.19","1090 0.12_0.19"
"plot_162",67.2,"PCAB",41.5,28.8029589967127,"0.12_0.19","1090 0.12_0.19"
"plot_112",26.4,"PCAB",20.9,14.0482484807841,"0.5_0.68","1091 0.5_0.68"
"plot_112",12.8,"PCAB",10.3,41.8151891921282,"0.5_0.68","1091 0.5_0.68"
"plot_112",30.4,"PCAB",25.8,37.6925428513787,"0.5_0.68","1091 0.5_0.68"
"plot_112",22.9,"PCAB",20.1,19.1543084730947,"0.5_0.68","1091 0.5_0.68"
"plot_112",39.6,"PCAB",27.6,21.213661727431,"0.5_0.68","1091 0.5_0.68"
"plot_100",39.5,"PCAB",27.7,33.3866962236411,"0.68_0.82","1094 0.68_0.82"
"plot_197",41.6,"PCAB",30.1,5.32401552247578,"-0.19_-0.17","1110 -0.19_-0.17"
"plot_197",38.8,"PCAB",28.8,11.8976096545532,"-0.19_-0.17","1110 -0.19_-0.17"
"plot_197",41.2,"PCAB",28.2,7.59384386070975,"-0.19_-0.17","1110 -0.19_-0.17"
"plot_197",45.3,"PCAB",32,0,"-0.19_-0.17","1110 -0.19_-0.17"
"plot_197",30.2,"PCAB",29,17.5575297613379,"-0.19_-0.17","1110 -0.19_-0.17"
"plot_202",48.9,"PCAB",36.8,7.11164174678805,"-0.19_-0.17","1112 -0.19_-0.17"
"plot_202",38.4,"PCAB",31.5,38.9967908280196,"-0.19_-0.17","1112 -0.19_-0.17"
"plot_202",15.9,"PCAB",15.8,48.4185143753315,"-0.19_-0.17","1112 -0.19_-0.17"
"plot_202",28.4,"PCAB",22.2,51.5369066420639,"-0.19_-0.17","1112 -0.19_-0.17"
"plot_202",50.7,"PCAB",34.7,3.74014867798544,"-0.19_-0.17","1112 -0.19_-0.17"
"plot_153",38.5,"PCAB",28.1,26.6560324334409,"0.19_0.24","1114 0.19_0.24"
"plot_153",45.2,"PCAB",28.9,7.75114913828159,"0.19_0.24","1114 0.19_0.24"
"plot_153",13,"PCAB",12.7,51.3810971552942,"0.19_0.24","1114 0.19_0.24"
"plot_153",23.8,"PCAB",19.7,52.2450547699855,"0.19_0.24","1114 0.19_0.24"
"plot_153",52.2,"PCAB",26.8,0,"0.19_0.24","1114 0.19_0.24"
"plot_146",49.4,"PCAB",27.9,0,"0.24_0.27","1115 0.24_0.27"
"plot_146",39.6,"PCAB",25.7,10.0973210054312,"0.24_0.27","1115 0.24_0.27"
"plot_146",40.4,"PCAB",23.6,7.95655557659198,"0.24_0.27","1115 0.24_0.27"
"plot_146",11.9,"PCAB",10.9,32.1544831208614,"0.24_0.27","1115 0.24_0.27"
"plot_146",25.2,"PCAB",22.7,3.20081261758776,"0.24_0.27","1115 0.24_0.27"
"plot_147",85.9,"PCAB",35.7,0,"0.24_0.27","1116 0.24_0.27"
"plot_147",22.9,"PCAB",23.6,28.2507656542209,"0.24_0.27","1116 0.24_0.27"
"plot_147",43.9,"PCAB",27.4,21.0458453091588,"0.24_0.27","1116 0.24_0.27"
"plot_147",68.2,"PCAB",35,9.67815738283807,"0.24_0.27","1116 0.24_0.27"
"plot_196",50.3,"PCAB",30.9,20.754155264237,"-0.17_-0.13","1117 -0.17_-0.13"
"plot_196",46.4,"PCAB",31.2,27.170641096602,"-0.17_-0.13","1117 -0.17_-0.13"
"plot_196",57.5,"PCAB",32.1,4.64344476610625,"-0.17_-0.13","1117 -0.17_-0.13"
"plot_196",12.6,"PCAB",9.9,46.9643327112008,"-0.17_-0.13","1117 -0.17_-0.13"
"plot_196",37.2,"PCAB",29.5,42.406189646922,"-0.17_-0.13","1117 -0.17_-0.13"
"plot_236",65.8,"PCAB",38.2,14.7522577960041,"-0.51_-0.45","1118 -0.51_-0.45"
"plot_236",54.1,"PCAB",37.8,20.4310782739715,"-0.51_-0.45","1118 -0.51_-0.45"
"plot_236",50,"PCAB",36.3,38.3956384343754,"-0.51_-0.45","1118 -0.51_-0.45"
"plot_236",71.2,"PCAB",40.3,8.10310459069664,"-0.51_-0.45","1118 -0.51_-0.45"
"plot_236",34.1,"PCAB",25.8,48.577066786647,"-0.51_-0.45","1118 -0.51_-0.45"
"plot_236",51.5,"PCAB",34.4,31.6247411309986,"-0.51_-0.45","1118 -0.51_-0.45"
"plot_296",10.4,"PCAB",6.9,32.693447570118,"-1.24_-1.11","1121 -1.24_-1.11"
"plot_341",36.5,"PCAB",28.1,18.7463482411432,"-2.06_-1.86","1131 -2.06_-1.86"
"plot_176",39.5,"PCAB",30.2,22.5091157186461,"0_0.03","1143 0_0.03"
"plot_176",64.7,"PCAB",30.2,0,"0_0.03","1143 0_0.03"
"plot_176",60.2,"PCAB",29.4,10.9641171276248,"0_0.03","1143 0_0.03"
"plot_176",64.6,"PCAB",31.4,5.49053815435343,"0_0.03","1143 0_0.03"
"plot_176",45.1,"PCAB",31.4,27.6463835069793,"0_0.03","1143 0_0.03"
"plot_176",56.5,"PCAB",28.9,20.415614333913,"0_0.03","1143 0_0.03"
"plot_176",49,"PCAB",30.5,24.5555629176623,"0_0.03","1143 0_0.03"
"plot_176",10.9,"PCAB",9.5,31.6124028792808,"0_0.03","1143 0_0.03"
"plot_167",90,"PCAB",43.6,0,"0.03_0.12","1145 0.03_0.12"
"plot_232",45.6,"PCAB",30.8,20.2288343199059,"-0.45_-0.41","1147 -0.45_-0.41"
"plot_232",54.1,"PCAB",40.1,3.88154076774923,"-0.45_-0.41","1147 -0.45_-0.41"
"plot_232",14.1,"PCAB",22.2,27.2864849695086,"-0.45_-0.41","1147 -0.45_-0.41"
"plot_232",46.2,"PCAB",36.8,17.4292709425829,"-0.45_-0.41","1147 -0.45_-0.41"
"plot_232",54.4,"PCAB",38.5,0,"-0.45_-0.41","1147 -0.45_-0.41"
"plot_270",22.9,"PCAB",11.3,16.3859241462215,"-0.88_-0.77","1148 -0.88_-0.77"
"plot_270",46.2,"PCAB",32.1,9.2070227856757,"-0.88_-0.77","1148 -0.88_-0.77"
"plot_270",40,"PCAB",28.9,14.2873402536235,"-0.88_-0.77","1148 -0.88_-0.77"
"plot_270",35.6,"PCAB",22.8,27.22042308795,"-0.88_-0.77","1148 -0.88_-0.77"
"plot_245",42.3,"PCAB",27.2,10.9872468679174,"-0.56_-0.51","1149 -0.56_-0.51"
"plot_245",32.5,"PCAB",23.8,16.731833053796,"-0.56_-0.51","1149 -0.56_-0.51"
"plot_245",18.9,"PCAB",18.9,15.32907266406,"-0.56_-0.51","1149 -0.56_-0.51"
"plot_245",26.5,"PCAB",18.6,5.62050560681299,"-0.56_-0.51","1149 -0.56_-0.51"
"plot_245",44.6,"PCAB",26.5,8.37823490804228,"-0.56_-0.51","1149 -0.56_-0.51"
"plot_257",72,"PCAB",46.2,0,"-0.7_-0.65","1150 -0.7_-0.65"
"plot_257",56.4,"PCAB",40.9,6.79941181201746,"-0.7_-0.65","1150 -0.7_-0.65"
"plot_238",18.1,"PCAB",13,25.579345642123,"-0.51_-0.45","1152 -0.51_-0.45"
"plot_262",19,"PCAB",19.3,14.2186773689672,"-0.77_-0.7","1154 -0.77_-0.7"
"plot_262",23.7,"PCAB",22.9,8.13430186238385,"-0.77_-0.7","1154 -0.77_-0.7"
"plot_262",39.5,"PCAB",26.5,10.3400533343774,"-0.77_-0.7","1154 -0.77_-0.7"
"plot_262",21.6,"PCAB",18.6,12.3865005333937,"-0.77_-0.7","1154 -0.77_-0.7"
"plot_262",43.8,"PCAB",26.9,15.6363210538996,"-0.77_-0.7","1154 -0.77_-0.7"
"plot_165",25.6,"PCAB",19.3,0,"0.12_0.19","1172 0.12_0.19"
"plot_165",24.9,"PCAB",17.4,5.08984725364305,"0.12_0.19","1172 0.12_0.19"
"plot_165",19.4,"PCAB",18.9,25.5030969107657,"0.12_0.19","1172 0.12_0.19"
"plot_165",32.4,"PCAB",21.7,31.1362851271212,"0.12_0.19","1172 0.12_0.19"
"plot_165",34.8,"PCAB",22.9,29.6536356070007,"0.12_0.19","1172 0.12_0.19"
"plot_170",58.8,"PCAB",32.4,0,"0.03_0.12","1174 0.03_0.12"
"plot_170",32.2,"PCAB",22.6,46.9392625269358,"0.03_0.12","1174 0.03_0.12"
"plot_170",46.5,"PCAB",27.3,14.4063184149808,"0.03_0.12","1174 0.03_0.12"
"plot_170",15.2,"PCAB",11,51.8308729279428,"0.03_0.12","1174 0.03_0.12"
"plot_170",25.4,"PCAB",19.7,22.6150604723711,"0.03_0.12","1174 0.03_0.12"
"plot_281",53.7,"PCAB",36.8,44.2473613335017,"-0.98_-0.88","1178 -0.98_-0.88"
"plot_281",62.5,"PCAB",39.4,0,"-0.98_-0.88","1178 -0.98_-0.88"
"plot_281",11.4,"PCAB",11.8,42.9037414254696,"-0.98_-0.88","1178 -0.98_-0.88"
"plot_281",12.5,"PCAB",12.8,41.1867825004664,"-0.98_-0.88","1178 -0.98_-0.88"
"plot_265",44.8,"PCAB",33.6,4.45032179799176,"-0.77_-0.7","1179 -0.77_-0.7"
"plot_265",20.9,"PCAB",17.2,13.2545353070308,"-0.77_-0.7","1179 -0.77_-0.7"
"plot_265",44.6,"PCAB",34.6,7.87094819779928,"-0.77_-0.7","1179 -0.77_-0.7"
"plot_265",51.1,"PCAB",32.6,0,"-0.77_-0.7","1179 -0.77_-0.7"
"plot_265",42.8,"PCAB",36.3,15.5227447825704,"-0.77_-0.7","1179 -0.77_-0.7"
"plot_221",47.8,"PCAB",26.6,0,"-0.41_-0.35","1183 -0.41_-0.35"
"plot_221",16.6,"PCAB",13.8,25.4707223272315,"-0.41_-0.35","1183 -0.41_-0.35"
"plot_63",27.7,"PCAB",17.6,3.1007912190013,"1.25_1.44","1201 1.25_1.44"
"plot_63",22,"PCAB",16.1,14.0901143655035,"1.25_1.44","1201 1.25_1.44"
"plot_63",18.7,"PCAB",13.2,21.043075838155,"1.25_1.44","1201 1.25_1.44"
"plot_63",32,"PCAB",18,22.4163052569473,"1.25_1.44","1201 1.25_1.44"
"plot_63",41.8,"PCAB",19.3,11.7984082901891,"1.25_1.44","1201 1.25_1.44"
"plot_96",32.5,"PCAB",28.6,50.0580624938548,"0.82_0.9","1202 0.82_0.9"
"plot_96",46.5,"PCAB",31.2,19.7771968394508,"0.82_0.9","1202 0.82_0.9"
"plot_96",15,"PCAB",13.5,52.7949569096851,"0.82_0.9","1202 0.82_0.9"
"plot_96",22,"PCAB",22.7,36.3377577230556,"0.82_0.9","1202 0.82_0.9"
"plot_96",55.8,"PCAB",33,0,"0.82_0.9","1202 0.82_0.9"
"plot_185",66.8,"PCAB",34.4,52.5843979845335,"-0.13_-0.07","1203 -0.13_-0.07"
"plot_185",78.2,"PCAB",37.4,0,"-0.13_-0.07","1203 -0.13_-0.07"
"plot_185",52.2,"PCAB",30.5,14.1809656907535,"-0.13_-0.07","1203 -0.13_-0.07"
"plot_185",59.5,"PCAB",30.9,8.98141975505372,"-0.13_-0.07","1203 -0.13_-0.07"
"plot_185",46.4,"PCAB",28.8,22.0480721919764,"-0.13_-0.07","1203 -0.13_-0.07"
"plot_185",51.3,"PCAB",35,18.1829233907556,"-0.13_-0.07","1203 -0.13_-0.07"
"plot_180",36.6,"PCAB",25.5,37.0105599491114,"-0.07_0","1204 -0.07_0"
"plot_180",47.6,"PCAB",30.1,25.8989517222849,"-0.07_0","1204 -0.07_0"
"plot_180",50.3,"PCAB",37.4,3.93883210801715,"-0.07_0","1204 -0.07_0"
"plot_180",54.8,"PCAB",35.4,0,"-0.07_0","1204 -0.07_0"
"plot_180",11.3,"PCAB",10,38.7675468485917,"-0.07_0","1204 -0.07_0"
"plot_158",21.9,"PCAB",17.2,10.9233706709077,"0.19_0.24","1205 0.19_0.24"
"plot_158",19.9,"PCAB",13.3,21.5883587763663,"0.19_0.24","1205 0.19_0.24"
"plot_158",10.4,"PCAB",7.7,29.5251143867192,"0.19_0.24","1205 0.19_0.24"
"plot_263",75,"PCAB",38.4,0,"-0.77_-0.7","1206 -0.77_-0.7"
"plot_271",14.3,"PCAB",12.7,36.7957645469965,"-0.88_-0.77","1207 -0.88_-0.77"
"plot_271",10.4,"PCAB",9.6,38.900716997682,"-0.88_-0.77","1207 -0.88_-0.77"
"plot_339",45.2,"PCAB",36.5,12.9071959537813,"-2.06_-1.86","1209 -2.06_-1.86"
"plot_349",63.6,"PCAB",31.5,0,"-2.66_-2.06","1267 -2.66_-2.06"
